Customer_ID,Date,Year,Month,State,City,Festival,Gender,Age_Group,Metal,Product_Type,Weight_g,Purity,Payment_Method,Store_Type,Quantity,Price_INR,Discount_%,Total_Amount_INR
1,2022-02-24,2022,2,Uttar Pradesh,Lucknow,None,Male,60+,Gold,Coin,5,24K,UPI,Online,1,62155,2,60911.9
2,2023-06-22,2023,6,Gujarat,Vadodara,Wedding Season,Female,18-25,Gold,Jewelry,50,22K,Credit Card,Online,1,73826,7,68658.18
3,2024-11-09,2024,11,Gujarat,Surat,Holi,Female,18-25,Gold,Bar,50,18K,UPI,Jewelry Shop,2,57979,0,115958.0
4,2023-07-23,2023,7,Maharashtra,Nagpur,Akshaya Tritiya,Male,26-35,Silver,Jewelry,50,22K,Debit Card,Mall Store,1,81293,0,81293.0
5,2023-12-30,2023,12,Rajasthan,Udaipur,None,Male,60+,Gold,Bar,10,18K,Cash,Online,2,69620,2,136455.2
6,2024-08-21,2024,8,Delhi,New Delhi,Diwali,Male,18-25,Silver,Coin,50,22K,UPI,Online,3,84770,7,236508.3
7,2023-12-21,2023,12,Tamil Nadu,Coimbatore,Dhanteras,Male,60+,Gold,Bar,20,18K,Debit Card,Mall Store,2,69528,5,132103.2
8,2021-07-12,2021,7,Delhi,New Delhi,Diwali,Male,26-35,Gold,Bar,50,18K,UPI,Jewelry Shop,3,57276,5,163236.6
9,2023-12-29,2023,12,Delhi,New Delhi,None,Female,18-25,Silver,Coin,50,24K,Debit Card,Online,1,85712,0,85712.0
10,2024-05-07,2024,5,Uttar Pradesh,Agra,None,Male,26-35,Silver,Coin,10,18K,UPI,Mall Store,1,79274,7,73724.82
11,2021-08-26,2021,8,Karnataka,Mysore,Dhanteras,Male,18-25,Gold,Bar,50,24K,Cash,Online,2,57626,3,111794.44
12,2023-05-18,2023,5,Uttar Pradesh,Kanpur,Holi,Male,36-45,Gold,Coin,20,22K,Debit Card,Online,3,64151,7,178981.29
13,2023-08-01,2023,8,Gujarat,Ahmedabad,Holi,Male,18-25,Gold,Jewelry,5,24K,UPI,Online,1,67615,7,62881.95
14,2026-06-12,2026,6,Rajasthan,Udaipur,Dhanteras,Male,60+,Gold,Bar,50,24K,Debit Card,Jewelry Shop,1,74327,3,72097.19
15,2026-03-28,2026,3,Gujarat,Ahmedabad,None,Male,18-25,Gold,Jewelry,50,18K,Credit Card,Online,2,69491,5,132032.9
16,2023-01-22,2023,1,Gujarat,Ahmedabad,Akshaya Tritiya,Female,26-35,Gold,Jewelry,50,18K,UPI,Online,2,73029,2,143136.84
17,2026-06-13,2026,6,Uttar Pradesh,Agra,Wedding Season,Male,46-60,Gold,Jewelry,10,22K,UPI,Jewelry Shop,1,58385,2,57217.3
18,2026-06-17,2026,6,Karnataka,Mysore,Dhanteras,Male,36-45,Silver,Jewelry,5,18K,UPI,Mall Store,3,81283,7,226779.57
19,2022-10-07,2022,10,Karnataka,Bangalore,Diwali,Male,26-35,Gold,Jewelry,5,18K,Cash,Jewelry Shop,2,75492,7,140415.12
20,2026-11-12,2026,11,Maharashtra,Mumbai,Akshaya Tritiya,Female,26-35,Gold,Bar,20,24K,Credit Card,Jewelry Shop,2,59316,7,110327.76
21,2026-02-21,2026,2,Gujarat,Vadodara,Holi,Male,18-25,Silver,Bar,10,18K,Credit Card,Online,2,77058,0,154116.0
22,2024-05-24,2024,5,Karnataka,Bangalore,Holi,Male,60+,Gold,Coin,5,24K,Credit Card,Online,2,67697,2,132686.12
23,2024-11-05,2024,11,Maharashtra,Mumbai,Dhanteras,Female,60+,Silver,Coin,20,24K,UPI,Mall Store,3,77110,2,226703.4
24,2023-12-09,2023,12,Delhi,New Delhi,Dhanteras,Female,60+,Gold,Bar,50,18K,UPI,Online,2,57335,2,112376.6
25,2025-10-27,2025,10,Maharashtra,Mumbai,Dhanteras,Male,36-45,Gold,Coin,5,22K,Cash,Mall Store,3,65311,7,182217.69
26,2022-09-26,2022,9,Gujarat,Vadodara,Dhanteras,Male,26-35,Gold,Coin,5,24K,Credit Card,Jewelry Shop,3,68673,5,195718.05
27,2021-06-08,2021,6,Rajasthan,Jaipur,Wedding Season,Male,26-35,Silver,Coin,20,22K,Cash,Online,3,70349,0,211047.0
28,2024-12-09,2024,12,Maharashtra,Mumbai,None,Female,60+,Silver,Coin,5,24K,Credit Card,Online,2,75042,0,150084.0
29,2024-07-08,2024,7,Tamil Nadu,Coimbatore,Wedding Season,Male,46-60,Gold,Bar,10,22K,UPI,Mall Store,3,58383,5,166391.55
30,2024-09-14,2024,9,Delhi,New Delhi,Holi,Female,18-25,Gold,Bar,20,18K,Credit Card,Mall Store,2,69375,0,138750.0
31,2023-02-25,2023,2,Delhi,New Delhi,Wedding Season,Female,26-35,Silver,Bar,20,22K,UPI,Jewelry Shop,2,85888,7,159751.68
32,2025-12-15,2025,12,Karnataka,Bangalore,Wedding Season,Male,60+,Silver,Coin,10,18K,UPI,Jewelry Shop,3,84813,3,246805.83
33,2023-03-27,2023,3,Tamil Nadu,Coimbatore,Dhanteras,Male,18-25,Gold,Jewelry,50,18K,UPI,Jewelry Shop,3,61536,3,179069.76
34,2021-01-23,2021,1,Delhi,New Delhi,Diwali,Female,26-35,Silver,Jewelry,50,24K,Cash,Online,2,79407,2,155637.72
35,2024-07-23,2024,7,Delhi,New Delhi,Wedding Season,Female,60+,Silver,Coin,10,18K,Debit Card,Jewelry Shop,3,88752,7,247618.08
36,2025-12-07,2025,12,Karnataka,Bangalore,Diwali,Female,26-35,Silver,Coin,20,22K,UPI,Online,2,81330,2,159406.8
37,2025-08-27,2025,8,Gujarat,Ahmedabad,Wedding Season,Female,60+,Silver,Coin,50,24K,Cash,Jewelry Shop,1,85265,2,83559.7
38,2025-05-17,2025,5,Delhi,New Delhi,Wedding Season,Male,46-60,Silver,Jewelry,20,22K,Debit Card,Online,1,80075,3,77672.75
39,2026-12-28,2026,12,Delhi,New Delhi,Diwali,Female,60+,Silver,Bar,5,24K,Debit Card,Online,1,86774,5,82435.3
40,2023-05-17,2023,5,Rajasthan,Udaipur,Wedding Season,Female,36-45,Gold,Coin,20,22K,Credit Card,Online,2,56328,5,107023.2
41,2021-06-14,2021,6,Delhi,New Delhi,Diwali,Male,26-35,Gold,Jewelry,10,24K,Cash,Jewelry Shop,1,68806,0,68806.0
42,2022-11-19,2022,11,Uttar Pradesh,Lucknow,Holi,Male,26-35,Gold,Coin,5,18K,UPI,Jewelry Shop,3,70259,3,204453.69
43,2023-09-22,2023,9,Tamil Nadu,Coimbatore,Diwali,Female,60+,Silver,Jewelry,5,22K,Debit Card,Mall Store,1,90279,0,90279.0
44,2025-11-11,2025,11,Karnataka,Bangalore,Akshaya Tritiya,Female,26-35,Silver,Coin,10,18K,Credit Card,Mall Store,2,63278,5,120228.2
45,2024-08-13,2024,8,Rajasthan,Udaipur,Dhanteras,Male,36-45,Silver,Coin,10,22K,Debit Card,Jewelry Shop,3,78470,7,218931.3
46,2023-11-25,2023,11,Maharashtra,Nashik,Akshaya Tritiya,Female,60+,Silver,Bar,20,18K,UPI,Mall Store,2,70864,2,138893.44
47,2026-05-05,2026,5,Gujarat,Ahmedabad,None,Female,46-60,Gold,Jewelry,5,22K,Cash,Jewelry Shop,2,67285,7,125150.1
48,2026-12-15,2026,12,Uttar Pradesh,Lucknow,Akshaya Tritiya,Female,60+,Silver,Coin,20,18K,Debit Card,Jewelry Shop,3,87632,3,255009.12
49,2022-05-05,2022,5,Karnataka,Mysore,None,Male,26-35,Gold,Jewelry,50,22K,Credit Card,Online,3,58537,2,172098.78
50,2021-02-27,2021,2,Rajasthan,Jaipur,None,Male,36-45,Silver,Jewelry,5,18K,Credit Card,Mall Store,2,71930,2,140982.8
51,2026-04-07,2026,4,Gujarat,Vadodara,Wedding Season,Female,36-45,Silver,Jewelry,5,22K,Debit Card,Online,1,67690,7,62951.7
52,2021-08-08,2021,8,Rajasthan,Jaipur,Dhanteras,Male,60+,Silver,Coin,5,24K,UPI,Mall Store,1,83269,7,77440.17
53,2024-05-02,2024,5,Rajasthan,Udaipur,Holi,Female,36-45,Gold,Bar,5,18K,UPI,Online,2,72749,5,138223.1
54,2022-12-13,2022,12,Uttar Pradesh,Lucknow,Holi,Male,26-35,Silver,Jewelry,50,22K,Debit Card,Jewelry Shop,1,85604,2,83891.92
55,2023-08-15,2023,8,Maharashtra,Mumbai,Akshaya Tritiya,Male,46-60,Silver,Jewelry,10,18K,Cash,Jewelry Shop,2,85748,5,162921.2
56,2024-03-28,2024,3,Rajasthan,Jaipur,Wedding Season,Male,46-60,Gold,Bar,20,18K,Debit Card,Jewelry Shop,1,58828,3,57063.16
57,2024-08-13,2024,8,Tamil Nadu,Coimbatore,Holi,Female,18-25,Silver,Jewelry,10,18K,UPI,Mall Store,3,68174,0,204522.0
58,2025-12-17,2025,12,Rajasthan,Udaipur,Akshaya Tritiya,Male,60+,Gold,Coin,50,24K,Debit Card,Jewelry Shop,2,63077,7,117323.22
59,2025-08-14,2025,8,Delhi,New Delhi,None,Female,36-45,Silver,Bar,50,18K,UPI,Jewelry Shop,1,86659,2,84925.82
60,2021-01-05,2021,1,Maharashtra,Nagpur,None,Female,46-60,Silver,Jewelry,10,18K,Credit Card,Mall Store,1,76808,5,72967.6
61,2022-06-21,2022,6,Rajasthan,Udaipur,Akshaya Tritiya,Female,46-60,Silver,Jewelry,5,18K,Cash,Mall Store,1,89090,2,87308.2
62,2022-04-10,2022,4,Gujarat,Surat,Wedding Season,Male,26-35,Gold,Coin,20,18K,Credit Card,Jewelry Shop,2,71936,0,143872.0
63,2025-04-21,2025,4,Rajasthan,Udaipur,Dhanteras,Male,18-25,Silver,Coin,50,22K,Credit Card,Online,2,71170,7,132376.2
64,2026-01-04,2026,1,Karnataka,Mangalore,Holi,Female,36-45,Silver,Coin,50,22K,Credit Card,Online,3,82449,5,234979.65
65,2026-04-22,2026,4,Uttar Pradesh,Lucknow,None,Female,46-60,Silver,Bar,10,22K,UPI,Online,2,72259,0,144518.0
66,2021-03-04,2021,3,Tamil Nadu,Coimbatore,None,Male,46-60,Gold,Bar,10,24K,Debit Card,Jewelry Shop,1,70170,7,65258.1
67,2026-12-26,2026,12,Karnataka,Mangalore,Wedding Season,Female,46-60,Silver,Bar,5,18K,UPI,Online,1,88817,3,86152.49
68,2022-02-08,2022,2,Uttar Pradesh,Agra,None,Male,46-60,Silver,Jewelry,20,24K,UPI,Jewelry Shop,3,73009,0,219027.0
69,2023-09-28,2023,9,Rajasthan,Jaipur,Holi,Female,60+,Silver,Bar,10,24K,Cash,Online,2,74938,5,142382.2
70,2026-03-04,2026,3,Tamil Nadu,Coimbatore,None,Female,46-60,Gold,Coin,5,22K,Credit Card,Mall Store,3,70209,2,206414.46
71,2025-10-04,2025,10,Tamil Nadu,Chennai,None,Female,46-60,Gold,Coin,10,22K,Debit Card,Online,2,68924,7,128198.64
72,2025-06-10,2025,6,Gujarat,Surat,Akshaya Tritiya,Male,60+,Silver,Bar,5,18K,Debit Card,Jewelry Shop,2,81014,3,157167.16
73,2023-10-24,2023,10,Rajasthan,Jaipur,None,Male,18-25,Silver,Bar,5,22K,Debit Card,Online,3,74262,2,218330.28
74,2022-12-21,2022,12,Tamil Nadu,Coimbatore,Dhanteras,Male,60+,Gold,Coin,20,24K,Credit Card,Jewelry Shop,2,58356,3,113210.64
75,2023-07-14,2023,7,Rajasthan,Udaipur,None,Female,60+,Silver,Coin,5,22K,UPI,Jewelry Shop,2,66926,0,133852.0
76,2025-04-10,2025,4,Tamil Nadu,Chennai,None,Female,18-25,Silver,Bar,10,22K,UPI,Mall Store,3,78865,3,229497.15
77,2024-05-22,2024,5,Tamil Nadu,Coimbatore,None,Female,18-25,Gold,Jewelry,5,24K,Credit Card,Jewelry Shop,3,59814,5,170469.9
78,2025-02-28,2025,2,Maharashtra,Pune,None,Female,60+,Gold,Bar,10,22K,UPI,Jewelry Shop,1,73330,5,69663.5
79,2025-12-22,2025,12,Tamil Nadu,Coimbatore,Wedding Season,Male,36-45,Silver,Jewelry,20,18K,Credit Card,Online,3,64851,3,188716.41
80,2023-05-19,2023,5,Delhi,New Delhi,None,Male,18-25,Gold,Coin,10,24K,Cash,Online,2,61431,0,122862.0
81,2021-01-12,2021,1,Rajasthan,Jaipur,Akshaya Tritiya,Male,26-35,Gold,Bar,20,24K,UPI,Mall Store,2,64516,2,126451.36
82,2024-08-19,2024,8,Rajasthan,Jaipur,Diwali,Male,36-45,Gold,Jewelry,10,18K,Debit Card,Mall Store,2,57309,2,112325.64
83,2022-03-23,2022,3,Maharashtra,Pune,Wedding Season,Male,60+,Silver,Jewelry,20,22K,UPI,Online,2,81552,7,151686.72
84,2025-12-22,2025,12,Delhi,New Delhi,Diwali,Male,36-45,Silver,Bar,10,24K,Cash,Jewelry Shop,1,90317,5,85801.15
85,2026-09-02,2026,9,Tamil Nadu,Coimbatore,Holi,Female,18-25,Silver,Bar,5,18K,Cash,Jewelry Shop,3,85291,3,248196.81
86,2022-01-25,2022,1,Delhi,New Delhi,Akshaya Tritiya,Female,36-45,Silver,Bar,20,22K,Cash,Mall Store,2,76513,5,145374.7
87,2025-03-07,2025,3,Delhi,New Delhi,Dhanteras,Male,60+,Gold,Bar,20,18K,UPI,Jewelry Shop,1,55588,5,52808.6
88,2024-07-03,2024,7,Karnataka,Mangalore,Akshaya Tritiya,Male,60+,Silver,Bar,10,24K,Debit Card,Online,1,90545,3,87828.65
89,2023-07-16,2023,7,Rajasthan,Jaipur,Wedding Season,Male,60+,Silver,Bar,20,24K,Cash,Jewelry Shop,2,82509,0,165018.0
90,2025-06-30,2025,6,Uttar Pradesh,Kanpur,Diwali,Male,18-25,Silver,Jewelry,10,22K,Debit Card,Jewelry Shop,1,74675,2,73181.5
91,2021-12-14,2021,12,Karnataka,Bangalore,Diwali,Male,26-35,Silver,Bar,5,18K,UPI,Jewelry Shop,3,76860,3,223662.6
92,2023-06-02,2023,6,Delhi,New Delhi,Holi,Male,36-45,Silver,Coin,5,22K,Debit Card,Mall Store,2,84129,5,159845.1
93,2021-02-01,2021,2,Uttar Pradesh,Kanpur,Dhanteras,Female,26-35,Gold,Jewelry,20,22K,Credit Card,Online,2,59673,7,110991.78
94,2023-08-01,2023,8,Maharashtra,Nashik,Holi,Female,18-25,Silver,Coin,5,22K,UPI,Jewelry Shop,1,72119,5,68513.05
95,2022-04-17,2022,4,Maharashtra,Nagpur,Wedding Season,Male,36-45,Silver,Jewelry,50,18K,Credit Card,Online,2,83160,5,158004.0
96,2021-11-19,2021,11,Delhi,New Delhi,Wedding Season,Female,36-45,Gold,Jewelry,20,24K,UPI,Mall Store,3,70568,5,201118.8
97,2022-02-26,2022,2,Uttar Pradesh,Lucknow,Dhanteras,Female,26-35,Gold,Jewelry,10,18K,UPI,Online,2,65383,2,128150.68
98,2024-08-16,2024,8,Rajasthan,Udaipur,None,Female,26-35,Silver,Coin,5,22K,Debit Card,Mall Store,3,90398,7,252210.42
99,2026-03-07,2026,3,Karnataka,Mysore,Wedding Season,Male,18-25,Gold,Coin,20,24K,UPI,Mall Store,3,66074,0,198222.0
100,2023-02-11,2023,2,Tamil Nadu,Coimbatore,Akshaya Tritiya,Female,60+,Silver,Jewelry,5,22K,UPI,Jewelry Shop,3,84700,0,254100.0
101,2026-11-17,2026,11,Uttar Pradesh,Lucknow,Holi,Male,36-45,Gold,Coin,20,22K,Debit Card,Jewelry Shop,1,56881,5,54036.95
102,2025-05-03,2025,5,Uttar Pradesh,Agra,Akshaya Tritiya,Female,60+,Gold,Jewelry,20,24K,Cash,Jewelry Shop,1,63739,3,61826.83
103,2025-03-23,2025,3,Karnataka,Mangalore,None,Female,26-35,Silver,Bar,5,18K,Debit Card,Mall Store,3,68761,0,206283.0
104,2026-06-15,2026,6,Karnataka,Bangalore,Dhanteras,Male,26-35,Silver,Jewelry,5,22K,UPI,Mall Store,1,74919,2,73420.62
105,2022-09-24,2022,9,Rajasthan,Jaipur,Dhanteras,Male,60+,Silver,Jewelry,50,24K,Debit Card,Jewelry Shop,1,85337,7,79363.41
106,2023-08-17,2023,8,Uttar Pradesh,Agra,Holi,Male,36-45,Gold,Coin,10,22K,Debit Card,Jewelry Shop,3,70232,3,204375.12
107,2023-03-29,2023,3,Rajasthan,Udaipur,Holi,Male,36-45,Silver,Jewelry,50,22K,UPI,Mall Store,3,79806,5,227447.1
108,2026-10-04,2026,10,Rajasthan,Jaipur,Dhanteras,Female,18-25,Silver,Jewelry,50,22K,UPI,Jewelry Shop,1,68428,3,66375.16
109,2023-07-09,2023,7,Maharashtra,Nashik,Diwali,Female,18-25,Silver,Bar,20,24K,Cash,Online,2,72796,0,145592.0
110,2021-11-21,2021,11,Karnataka,Mysore,Diwali,Female,26-35,Gold,Jewelry,50,24K,Credit Card,Online,2,67414,7,125390.04
111,2021-09-15,2021,9,Karnataka,Bangalore,Diwali,Female,60+,Gold,Bar,5,18K,Cash,Mall Store,2,63557,7,118216.02
112,2025-09-03,2025,9,Gujarat,Surat,Dhanteras,Male,60+,Silver,Coin,5,18K,UPI,Jewelry Shop,3,64021,3,186301.11
113,2025-01-02,2025,1,Rajasthan,Udaipur,Diwali,Female,26-35,Gold,Bar,5,18K,Credit Card,Online,2,64810,3,125731.4
114,2026-05-15,2026,5,Maharashtra,Nagpur,None,Male,26-35,Silver,Jewelry,50,24K,Credit Card,Online,1,88759,5,84321.05
115,2026-04-24,2026,4,Maharashtra,Mumbai,Akshaya Tritiya,Male,26-35,Gold,Coin,20,24K,Credit Card,Jewelry Shop,2,65603,7,122021.58
116,2024-10-20,2024,10,Maharashtra,Nagpur,Dhanteras,Female,46-60,Silver,Coin,20,24K,Debit Card,Online,3,78274,5,223080.9
117,2024-04-25,2024,4,Delhi,New Delhi,Akshaya Tritiya,Female,60+,Silver,Bar,50,24K,Debit Card,Jewelry Shop,1,75211,0,75211.0
118,2021-08-23,2021,8,Delhi,New Delhi,Diwali,Female,36-45,Silver,Bar,10,24K,Cash,Mall Store,2,87385,3,169526.9
119,2025-02-09,2025,2,Uttar Pradesh,Kanpur,Akshaya Tritiya,Female,60+,Gold,Jewelry,10,18K,Debit Card,Jewelry Shop,1,61421,2,60192.58
120,2025-06-19,2025,6,Karnataka,Mysore,Akshaya Tritiya,Female,26-35,Gold,Jewelry,5,18K,Cash,Jewelry Shop,1,73812,7,68645.16
121,2024-03-15,2024,3,Tamil Nadu,Coimbatore,None,Female,26-35,Gold,Jewelry,10,24K,Debit Card,Online,2,62334,5,118434.6
122,2021-09-23,2021,9,Uttar Pradesh,Kanpur,Holi,Female,36-45,Gold,Jewelry,10,22K,Cash,Online,3,68284,3,198706.44
123,2025-02-20,2025,2,Gujarat,Ahmedabad,Wedding Season,Male,60+,Gold,Jewelry,5,22K,Debit Card,Mall Store,1,72726,3,70544.22
124,2024-07-22,2024,7,Uttar Pradesh,Kanpur,None,Male,46-60,Silver,Coin,20,24K,Cash,Online,3,76442,0,229326.0
125,2022-10-26,2022,10,Delhi,New Delhi,Akshaya Tritiya,Male,36-45,Gold,Bar,20,24K,Credit Card,Online,1,70325,3,68215.25
126,2026-12-26,2026,12,Uttar Pradesh,Agra,Diwali,Male,60+,Silver,Bar,10,24K,Credit Card,Mall Store,3,71134,3,206999.94
127,2023-05-14,2023,5,Maharashtra,Pune,Holi,Female,60+,Gold,Bar,5,22K,Credit Card,Mall Store,3,55657,7,155283.03
128,2021-09-03,2021,9,Karnataka,Mysore,Dhanteras,Female,46-60,Gold,Coin,50,24K,Credit Card,Mall Store,2,65903,5,125215.7
129,2025-02-26,2025,2,Gujarat,Surat,Holi,Male,36-45,Silver,Jewelry,50,24K,Credit Card,Jewelry Shop,2,87129,5,165545.1
130,2025-09-09,2025,9,Gujarat,Ahmedabad,Dhanteras,Male,36-45,Gold,Bar,20,24K,Cash,Jewelry Shop,2,58699,5,111528.1
131,2025-05-30,2025,5,Tamil Nadu,Coimbatore,Holi,Female,26-35,Silver,Jewelry,20,24K,UPI,Jewelry Shop,2,72847,0,145694.0
132,2022-07-03,2022,7,Delhi,New Delhi,Akshaya Tritiya,Female,46-60,Silver,Coin,5,22K,UPI,Mall Store,1,83116,0,83116.0
133,2026-08-28,2026,8,Tamil Nadu,Chennai,Wedding Season,Female,60+,Silver,Bar,5,24K,UPI,Jewelry Shop,2,83292,0,166584.0
134,2026-09-17,2026,9,Karnataka,Mysore,Wedding Season,Male,18-25,Silver,Jewelry,10,18K,Credit Card,Jewelry Shop,1,91673,2,89839.54
135,2024-07-28,2024,7,Tamil Nadu,Coimbatore,Dhanteras,Female,60+,Gold,Bar,20,18K,Credit Card,Mall Store,3,74551,2,219179.94
136,2022-03-25,2022,3,Rajasthan,Udaipur,Wedding Season,Female,18-25,Silver,Bar,50,22K,Cash,Mall Store,1,80274,3,77865.78
137,2022-08-29,2022,8,Maharashtra,Nashik,None,Male,18-25,Gold,Bar,5,24K,UPI,Jewelry Shop,3,72292,7,201694.68
138,2026-08-18,2026,8,Karnataka,Mysore,Holi,Female,18-25,Gold,Bar,10,18K,Cash,Mall Store,3,68892,2,202542.48
139,2026-02-26,2026,2,Karnataka,Mangalore,Holi,Female,60+,Silver,Coin,20,18K,Debit Card,Online,2,80636,3,156433.84
140,2023-04-30,2023,4,Gujarat,Surat,None,Female,36-45,Silver,Coin,20,18K,Credit Card,Jewelry Shop,2,75142,3,145775.48
141,2024-03-24,2024,3,Maharashtra,Nashik,None,Male,36-45,Silver,Coin,20,18K,Debit Card,Online,1,73653,3,71443.41
142,2022-03-24,2022,3,Gujarat,Vadodara,Holi,Male,26-35,Silver,Jewelry,10,18K,Cash,Online,3,81540,3,237281.4
143,2022-07-18,2022,7,Maharashtra,Nashik,Diwali,Male,46-60,Silver,Bar,50,22K,Cash,Jewelry Shop,2,91086,0,182172.0
144,2021-06-02,2021,6,Karnataka,Mysore,Dhanteras,Female,26-35,Gold,Jewelry,50,22K,Cash,Mall Store,3,56833,7,158564.07
145,2022-03-16,2022,3,Rajasthan,Udaipur,Akshaya Tritiya,Female,46-60,Gold,Bar,50,24K,Debit Card,Jewelry Shop,2,57240,7,106466.4
146,2023-11-20,2023,11,Gujarat,Ahmedabad,None,Male,18-25,Silver,Bar,20,22K,Cash,Online,3,72634,5,207006.9
147,2022-01-26,2022,1,Tamil Nadu,Coimbatore,Dhanteras,Male,46-60,Silver,Coin,10,24K,Credit Card,Jewelry Shop,2,82167,0,164334.0
148,2021-02-16,2021,2,Gujarat,Surat,Akshaya Tritiya,Female,26-35,Silver,Jewelry,5,22K,Credit Card,Online,2,78722,7,146422.92
149,2023-06-17,2023,6,Delhi,New Delhi,Dhanteras,Female,26-35,Gold,Coin,20,22K,Debit Card,Mall Store,2,63476,7,118065.36
150,2026-12-04,2026,12,Rajasthan,Jaipur,None,Female,18-25,Gold,Bar,5,24K,Cash,Mall Store,1,75182,7,69919.26
151,2023-04-22,2023,4,Tamil Nadu,Chennai,None,Female,18-25,Gold,Bar,50,24K,Debit Card,Online,3,63703,5,181553.55
152,2024-06-16,2024,6,Tamil Nadu,Coimbatore,None,Male,46-60,Silver,Coin,5,18K,Cash,Mall Store,1,84265,7,78366.45
153,2021-09-04,2021,9,Maharashtra,Pune,Diwali,Female,18-25,Silver,Coin,50,24K,Cash,Mall Store,3,77722,0,233166.0
154,2025-03-19,2025,3,Uttar Pradesh,Agra,Diwali,Male,36-45,Silver,Jewelry,10,18K,Debit Card,Mall Store,2,77362,5,146987.8
155,2025-10-04,2025,10,Gujarat,Vadodara,Holi,Female,26-35,Gold,Jewelry,50,22K,Cash,Jewelry Shop,1,55905,3,54227.85
156,2021-03-06,2021,3,Gujarat,Vadodara,Dhanteras,Male,18-25,Gold,Jewelry,5,22K,UPI,Online,3,58092,5,165562.2
157,2021-08-20,2021,8,Uttar Pradesh,Lucknow,Dhanteras,Female,26-35,Silver,Bar,20,18K,Credit Card,Online,1,78162,7,72690.66
158,2022-12-19,2022,12,Karnataka,Bangalore,None,Female,60+,Gold,Coin,5,22K,Debit Card,Mall Store,2,66050,3,128137.0
159,2023-01-24,2023,1,Karnataka,Mangalore,Holi,Female,26-35,Silver,Jewelry,20,18K,Cash,Jewelry Shop,1,78460,3,76106.2
160,2023-09-22,2023,9,Maharashtra,Nashik,Akshaya Tritiya,Male,36-45,Silver,Bar,5,22K,Credit Card,Online,3,83442,2,245319.48
161,2021-06-11,2021,6,Tamil Nadu,Chennai,Diwali,Male,60+,Gold,Bar,10,22K,Cash,Jewelry Shop,2,65735,7,122267.1
162,2023-09-21,2023,9,Karnataka,Bangalore,None,Male,46-60,Gold,Jewelry,20,22K,Debit Card,Jewelry Shop,3,62149,0,186447.0
163,2026-03-24,2026,3,Tamil Nadu,Coimbatore,Diwali,Female,36-45,Silver,Jewelry,20,22K,Debit Card,Online,2,74643,7,138835.98
164,2025-09-07,2025,9,Tamil Nadu,Chennai,Akshaya Tritiya,Male,26-35,Gold,Coin,10,22K,Cash,Jewelry Shop,2,57315,7,106605.9
165,2022-11-21,2022,11,Tamil Nadu,Coimbatore,None,Female,26-35,Silver,Jewelry,50,24K,UPI,Mall Store,3,81786,5,233090.1
166,2023-08-06,2023,8,Maharashtra,Pune,Diwali,Male,18-25,Gold,Jewelry,50,22K,UPI,Mall Store,2,57375,2,112455.0
167,2026-12-20,2026,12,Uttar Pradesh,Agra,Holi,Female,18-25,Silver,Jewelry,20,18K,Credit Card,Online,2,83657,0,167314.0
168,2023-09-15,2023,9,Tamil Nadu,Coimbatore,Dhanteras,Female,36-45,Gold,Coin,50,24K,Credit Card,Jewelry Shop,1,56725,7,52754.25
169,2021-05-10,2021,5,Delhi,New Delhi,Diwali,Female,46-60,Gold,Coin,50,24K,UPI,Mall Store,3,67184,0,201552.0
170,2022-01-26,2022,1,Gujarat,Ahmedabad,Holi,Male,26-35,Silver,Jewelry,50,22K,UPI,Online,3,80853,3,235282.23
171,2022-08-14,2022,8,Uttar Pradesh,Kanpur,None,Female,18-25,Gold,Coin,10,18K,Cash,Mall Store,2,59574,0,119148.0
172,2021-11-18,2021,11,Rajasthan,Udaipur,Holi,Female,18-25,Silver,Jewelry,50,24K,UPI,Jewelry Shop,3,80223,2,235855.62
173,2026-07-03,2026,7,Tamil Nadu,Coimbatore,Dhanteras,Female,60+,Silver,Coin,50,24K,Debit Card,Online,3,66660,3,193980.6
174,2025-04-06,2025,4,Rajasthan,Udaipur,None,Male,46-60,Gold,Coin,20,24K,UPI,Online,1,55671,3,54000.87
175,2021-12-24,2021,12,Karnataka,Mysore,Dhanteras,Female,46-60,Silver,Bar,50,24K,UPI,Online,2,88032,0,176064.0
176,2021-02-20,2021,2,Karnataka,Mangalore,Akshaya Tritiya,Female,46-60,Gold,Jewelry,10,18K,Cash,Mall Store,3,74715,3,217420.65
177,2022-08-21,2022,8,Delhi,New Delhi,Diwali,Male,46-60,Gold,Coin,50,22K,Debit Card,Online,2,64850,3,125809.0
178,2026-02-19,2026,2,Karnataka,Mysore,Diwali,Male,36-45,Gold,Jewelry,50,22K,Debit Card,Jewelry Shop,3,69847,7,194873.13
179,2024-08-06,2024,8,Delhi,New Delhi,Holi,Male,46-60,Silver,Coin,10,22K,Credit Card,Jewelry Shop,3,85794,2,252234.36
180,2024-02-23,2024,2,Uttar Pradesh,Agra,Wedding Season,Female,18-25,Silver,Bar,10,18K,Cash,Mall Store,1,83950,3,81431.5
181,2021-10-11,2021,10,Rajasthan,Jaipur,Wedding Season,Female,26-35,Silver,Bar,20,24K,Credit Card,Mall Store,1,87597,5,83217.15
182,2026-05-17,2026,5,Gujarat,Vadodara,Holi,Female,60+,Silver,Bar,50,18K,UPI,Jewelry Shop,1,79251,5,75288.45
183,2021-07-01,2021,7,Uttar Pradesh,Agra,Holi,Female,36-45,Gold,Coin,5,24K,UPI,Jewelry Shop,1,56945,3,55236.65
184,2026-08-12,2026,8,Gujarat,Vadodara,Dhanteras,Female,18-25,Gold,Coin,5,22K,Debit Card,Online,2,70400,5,133760.0
185,2026-11-05,2026,11,Maharashtra,Mumbai,Wedding Season,Female,46-60,Silver,Jewelry,50,18K,Debit Card,Jewelry Shop,2,73914,5,140436.6
186,2022-03-24,2022,3,Maharashtra,Nagpur,None,Male,26-35,Gold,Bar,10,18K,Cash,Jewelry Shop,1,61079,3,59246.63
187,2025-11-06,2025,11,Tamil Nadu,Coimbatore,Wedding Season,Male,60+,Silver,Jewelry,50,18K,Debit Card,Jewelry Shop,2,71123,2,139401.08
188,2022-02-21,2022,2,Maharashtra,Mumbai,Holi,Male,36-45,Gold,Coin,10,22K,UPI,Jewelry Shop,3,65849,0,197547.0
189,2022-04-13,2022,4,Uttar Pradesh,Kanpur,Akshaya Tritiya,Female,46-60,Silver,Bar,10,18K,Credit Card,Mall Store,2,84776,7,157683.36
190,2022-04-25,2022,4,Tamil Nadu,Chennai,Dhanteras,Female,26-35,Gold,Bar,50,22K,Cash,Mall Store,1,64763,2,63467.74
191,2022-12-11,2022,12,Delhi,New Delhi,Holi,Male,46-60,Gold,Coin,10,24K,Credit Card,Jewelry Shop,3,73627,7,205419.33
192,2025-04-22,2025,4,Tamil Nadu,Chennai,Holi,Female,46-60,Silver,Bar,50,22K,Debit Card,Jewelry Shop,2,63912,2,125267.52
193,2023-07-10,2023,7,Gujarat,Ahmedabad,Holi,Female,26-35,Gold,Coin,50,18K,UPI,Mall Store,2,61477,0,122954.0
194,2023-06-15,2023,6,Maharashtra,Nagpur,Wedding Season,Male,26-35,Silver,Coin,5,22K,Credit Card,Jewelry Shop,1,84236,5,80024.2
195,2024-12-07,2024,12,Rajasthan,Jaipur,None,Female,26-35,Silver,Bar,10,24K,Cash,Online,1,70662,2,69248.76
196,2024-04-13,2024,4,Tamil Nadu,Coimbatore,Akshaya Tritiya,Female,60+,Silver,Bar,5,24K,Debit Card,Online,3,84208,2,247571.52
197,2024-08-12,2024,8,Karnataka,Mangalore,Dhanteras,Female,46-60,Gold,Jewelry,20,18K,Debit Card,Jewelry Shop,1,62175,2,60931.5
198,2025-02-20,2025,2,Delhi,New Delhi,Wedding Season,Female,36-45,Gold,Bar,5,18K,UPI,Mall Store,3,70891,3,206292.81
199,2023-05-18,2023,5,Delhi,New Delhi,Wedding Season,Female,36-45,Gold,Coin,20,18K,Cash,Mall Store,2,73031,2,143140.76
200,2026-02-26,2026,2,Rajasthan,Udaipur,Diwali,Male,26-35,Silver,Coin,50,24K,Debit Card,Online,1,85180,0,85180.0
201,2025-01-16,2025,1,Uttar Pradesh,Lucknow,Akshaya Tritiya,Male,36-45,Silver,Bar,10,24K,Debit Card,Mall Store,2,72571,0,145142.0
202,2022-01-25,2022,1,Karnataka,Mangalore,Diwali,Male,46-60,Gold,Jewelry,10,18K,Cash,Mall Store,3,71829,0,215487.0
203,2025-09-26,2025,9,Uttar Pradesh,Kanpur,None,Male,46-60,Gold,Jewelry,10,22K,UPI,Mall Store,3,53251,3,154960.41
204,2025-04-17,2025,4,Rajasthan,Jaipur,Dhanteras,Male,18-25,Gold,Bar,5,18K,Cash,Jewelry Shop,2,63390,3,122976.6
205,2025-12-18,2025,12,Karnataka,Mangalore,Dhanteras,Male,18-25,Gold,Jewelry,5,18K,Debit Card,Jewelry Shop,2,62584,7,116406.24
206,2024-03-13,2024,3,Delhi,New Delhi,None,Male,36-45,Gold,Jewelry,10,18K,Debit Card,Jewelry Shop,2,62151,0,124302.0
207,2026-08-09,2026,8,Uttar Pradesh,Lucknow,None,Male,60+,Gold,Jewelry,20,22K,Cash,Jewelry Shop,2,70190,0,140380.0
208,2021-10-26,2021,10,Rajasthan,Udaipur,Diwali,Male,18-25,Silver,Coin,10,24K,UPI,Jewelry Shop,3,83761,2,246257.34
209,2022-09-18,2022,9,Tamil Nadu,Coimbatore,Akshaya Tritiya,Male,36-45,Silver,Jewelry,10,24K,Credit Card,Jewelry Shop,3,76554,5,218178.9
210,2023-09-29,2023,9,Tamil Nadu,Chennai,Diwali,Female,18-25,Silver,Coin,5,22K,Cash,Online,2,85368,2,167321.28
211,2026-10-20,2026,10,Maharashtra,Mumbai,None,Female,26-35,Gold,Coin,10,18K,Credit Card,Mall Store,2,61652,3,119604.88
212,2023-12-14,2023,12,Maharashtra,Pune,None,Male,46-60,Silver,Coin,20,24K,Debit Card,Mall Store,2,76591,7,142459.26
213,2022-04-18,2022,4,Gujarat,Surat,Dhanteras,Male,18-25,Gold,Jewelry,10,24K,Debit Card,Jewelry Shop,1,65881,7,61269.33
214,2024-08-11,2024,8,Delhi,New Delhi,Dhanteras,Female,36-45,Gold,Coin,5,18K,Credit Card,Online,3,54997,5,156741.45
215,2021-10-10,2021,10,Tamil Nadu,Chennai,Wedding Season,Female,36-45,Gold,Coin,5,18K,Debit Card,Online,3,62597,0,187791.0
216,2026-03-16,2026,3,Karnataka,Bangalore,Akshaya Tritiya,Female,26-35,Silver,Bar,10,24K,UPI,Jewelry Shop,2,82461,7,153377.46
217,2021-01-06,2021,1,Maharashtra,Mumbai,None,Female,36-45,Silver,Jewelry,10,18K,Cash,Jewelry Shop,3,85582,0,256746.0
218,2026-10-30,2026,10,Delhi,New Delhi,Wedding Season,Female,46-60,Gold,Bar,5,18K,UPI,Mall Store,1,63065,0,63065.0
219,2025-11-17,2025,11,Gujarat,Vadodara,None,Male,26-35,Silver,Coin,20,22K,Debit Card,Mall Store,3,64962,7,181243.98
220,2023-04-11,2023,4,Rajasthan,Udaipur,Dhanteras,Male,26-35,Silver,Jewelry,10,22K,Debit Card,Jewelry Shop,2,77446,2,151794.16
221,2023-12-22,2023,12,Delhi,New Delhi,Diwali,Male,26-35,Silver,Bar,20,18K,UPI,Online,2,72598,3,140840.12
222,2025-06-12,2025,6,Rajasthan,Udaipur,Holi,Male,36-45,Gold,Coin,10,24K,Debit Card,Jewelry Shop,3,57902,2,170231.88
223,2021-02-18,2021,2,Tamil Nadu,Chennai,Diwali,Male,26-35,Gold,Jewelry,50,22K,UPI,Mall Store,1,68134,2,66771.32
224,2025-12-22,2025,12,Tamil Nadu,Coimbatore,Dhanteras,Male,36-45,Gold,Jewelry,5,22K,UPI,Online,1,58005,2,56844.9
225,2025-10-14,2025,10,Tamil Nadu,Coimbatore,Dhanteras,Female,26-35,Silver,Jewelry,20,22K,Debit Card,Online,1,83853,5,79660.35
226,2021-09-07,2021,9,Maharashtra,Mumbai,Diwali,Female,46-60,Silver,Jewelry,50,24K,Cash,Mall Store,2,82271,7,153024.06
227,2026-06-09,2026,6,Rajasthan,Jaipur,Akshaya Tritiya,Female,46-60,Silver,Coin,10,24K,Credit Card,Mall Store,2,89835,5,170686.5
228,2023-08-12,2023,8,Gujarat,Ahmedabad,Dhanteras,Male,26-35,Silver,Bar,10,22K,UPI,Online,2,66847,7,124335.42
229,2024-07-26,2024,7,Tamil Nadu,Coimbatore,None,Female,60+,Silver,Jewelry,20,18K,Cash,Mall Store,1,72545,2,71094.1
230,2021-08-19,2021,8,Gujarat,Surat,Dhanteras,Male,18-25,Silver,Bar,50,24K,Credit Card,Mall Store,2,68491,0,136982.0
231,2021-03-31,2021,3,Gujarat,Ahmedabad,Dhanteras,Male,18-25,Silver,Bar,20,24K,Credit Card,Mall Store,1,85979,3,83399.63
232,2022-10-08,2022,10,Uttar Pradesh,Kanpur,None,Female,46-60,Gold,Bar,20,24K,Credit Card,Online,2,64145,3,124441.3
233,2022-12-29,2022,12,Uttar Pradesh,Agra,None,Male,60+,Gold,Coin,5,24K,Credit Card,Mall Store,2,65441,3,126955.54
234,2023-09-02,2023,9,Gujarat,Vadodara,Akshaya Tritiya,Female,26-35,Gold,Bar,5,18K,Credit Card,Jewelry Shop,1,68895,3,66828.15
235,2023-11-18,2023,11,Maharashtra,Nagpur,Diwali,Male,18-25,Gold,Coin,50,18K,Debit Card,Online,3,63047,0,189141.0
236,2026-05-18,2026,5,Delhi,New Delhi,Holi,Male,26-35,Silver,Coin,5,24K,Credit Card,Online,3,74339,5,211866.15
237,2022-10-22,2022,10,Karnataka,Mysore,None,Male,60+,Gold,Jewelry,20,18K,Debit Card,Mall Store,2,57506,2,112711.76
238,2022-02-19,2022,2,Maharashtra,Nashik,Akshaya Tritiya,Male,26-35,Gold,Coin,20,18K,Credit Card,Jewelry Shop,2,72338,2,141782.48
239,2022-09-22,2022,9,Gujarat,Ahmedabad,Diwali,Female,18-25,Gold,Coin,5,22K,Debit Card,Online,3,68895,7,192217.05
240,2026-04-24,2026,4,Maharashtra,Pune,Diwali,Female,46-60,Gold,Coin,50,18K,Credit Card,Online,3,58268,3,169559.88
241,2023-02-04,2023,2,Uttar Pradesh,Agra,Wedding Season,Male,36-45,Silver,Coin,50,22K,Cash,Jewelry Shop,2,71084,5,135059.6
242,2025-08-23,2025,8,Tamil Nadu,Chennai,Holi,Male,60+,Gold,Jewelry,50,18K,Debit Card,Mall Store,1,59603,3,57814.91
243,2021-05-23,2021,5,Uttar Pradesh,Kanpur,Holi,Male,18-25,Gold,Coin,10,24K,Cash,Online,2,70840,0,141680.0
244,2022-08-29,2022,8,Gujarat,Ahmedabad,Holi,Female,36-45,Silver,Bar,5,24K,Debit Card,Mall Store,3,66221,5,188729.85
245,2026-11-11,2026,11,Delhi,New Delhi,Wedding Season,Male,46-60,Silver,Jewelry,10,18K,UPI,Online,2,84766,0,169532.0
246,2025-04-18,2025,4,Tamil Nadu,Chennai,None,Female,60+,Silver,Bar,50,24K,Cash,Jewelry Shop,2,81714,5,155256.6
247,2023-09-01,2023,9,Delhi,New Delhi,Diwali,Female,36-45,Silver,Coin,5,22K,Credit Card,Jewelry Shop,2,68926,3,133716.44
248,2024-08-07,2024,8,Karnataka,Mysore,Akshaya Tritiya,Female,60+,Gold,Bar,5,24K,Debit Card,Online,1,63098,3,61205.06
249,2026-10-12,2026,10,Rajasthan,Udaipur,Dhanteras,Male,36-45,Silver,Bar,50,24K,UPI,Online,3,87347,3,254179.77
250,2025-01-16,2025,1,Gujarat,Ahmedabad,None,Male,36-45,Gold,Coin,50,18K,Debit Card,Mall Store,1,60589,5,57559.55
251,2022-12-29,2022,12,Maharashtra,Pune,Wedding Season,Female,36-45,Gold,Jewelry,20,18K,UPI,Jewelry Shop,2,67858,7,126215.88
252,2023-07-12,2023,7,Maharashtra,Nashik,None,Male,36-45,Gold,Bar,50,18K,UPI,Mall Store,3,59151,2,173903.94
253,2023-10-31,2023,10,Maharashtra,Nashik,Holi,Female,36-45,Gold,Coin,50,22K,Debit Card,Jewelry Shop,3,59508,0,178524.0
254,2022-02-24,2022,2,Gujarat,Surat,Diwali,Female,60+,Silver,Bar,20,22K,UPI,Jewelry Shop,3,87443,7,243965.97
255,2024-05-08,2024,5,Maharashtra,Nagpur,Dhanteras,Male,60+,Silver,Jewelry,5,18K,Debit Card,Mall Store,2,85130,3,165152.2
256,2023-11-29,2023,11,Karnataka,Mangalore,Wedding Season,Female,46-60,Gold,Bar,5,18K,Cash,Jewelry Shop,3,55255,5,157476.75
257,2025-01-08,2025,1,Uttar Pradesh,Agra,Holi,Female,26-35,Gold,Bar,10,22K,UPI,Jewelry Shop,3,75021,5,213809.85
258,2024-10-06,2024,10,Gujarat,Vadodara,None,Male,26-35,Silver,Coin,10,18K,Credit Card,Jewelry Shop,3,91330,2,268510.2
259,2022-04-28,2022,4,Rajasthan,Udaipur,Wedding Season,Male,60+,Silver,Bar,5,22K,Cash,Mall Store,3,74337,3,216320.67
260,2023-04-01,2023,4,Maharashtra,Nashik,Akshaya Tritiya,Female,60+,Silver,Coin,10,22K,Cash,Online,1,76661,2,75127.78
261,2026-01-26,2026,1,Delhi,New Delhi,Akshaya Tritiya,Male,26-35,Gold,Bar,10,22K,UPI,Online,3,62307,0,186921.0
262,2021-01-20,2021,1,Tamil Nadu,Coimbatore,Diwali,Male,36-45,Silver,Jewelry,20,18K,Cash,Online,2,78358,5,148880.2
263,2022-06-13,2022,6,Uttar Pradesh,Lucknow,Diwali,Female,60+,Gold,Bar,20,24K,UPI,Online,3,61970,3,180332.7
264,2024-10-15,2024,10,Karnataka,Mysore,Wedding Season,Male,36-45,Silver,Coin,20,24K,Cash,Jewelry Shop,3,90142,7,251496.18
265,2026-08-29,2026,8,Maharashtra,Mumbai,Dhanteras,Male,36-45,Gold,Bar,5,22K,Credit Card,Mall Store,1,61129,0,61129.0
266,2022-04-20,2022,4,Tamil Nadu,Chennai,Wedding Season,Female,46-60,Gold,Jewelry,20,22K,Cash,Online,3,55937,0,167811.0
267,2026-11-02,2026,11,Uttar Pradesh,Agra,Akshaya Tritiya,Male,46-60,Gold,Jewelry,5,22K,UPI,Online,2,67293,0,134586.0
268,2025-08-06,2025,8,Delhi,New Delhi,Akshaya Tritiya,Male,18-25,Gold,Bar,50,24K,Debit Card,Jewelry Shop,3,63549,2,186834.06
269,2026-07-17,2026,7,Gujarat,Ahmedabad,Dhanteras,Male,60+,Gold,Jewelry,5,22K,Cash,Jewelry Shop,1,60396,7,56168.28
270,2024-04-05,2024,4,Karnataka,Mysore,Akshaya Tritiya,Female,46-60,Silver,Bar,5,24K,UPI,Online,1,63964,2,62684.72
271,2024-01-04,2024,1,Rajasthan,Jaipur,None,Male,36-45,Gold,Coin,10,24K,Debit Card,Jewelry Shop,2,67862,5,128937.8
272,2022-11-15,2022,11,Delhi,New Delhi,Diwali,Male,18-25,Silver,Jewelry,5,22K,Debit Card,Mall Store,2,89921,5,170849.9
273,2022-06-20,2022,6,Uttar Pradesh,Kanpur,Wedding Season,Female,18-25,Gold,Coin,50,24K,UPI,Jewelry Shop,2,64679,7,120302.94
274,2023-07-07,2023,7,Uttar Pradesh,Kanpur,None,Female,60+,Gold,Bar,5,22K,Cash,Jewelry Shop,3,75126,7,209601.54
275,2021-02-17,2021,2,Karnataka,Mangalore,None,Male,60+,Silver,Coin,50,24K,UPI,Jewelry Shop,3,67318,7,187817.22
276,2025-03-31,2025,3,Karnataka,Bangalore,Wedding Season,Male,18-25,Silver,Coin,50,18K,Debit Card,Online,1,72938,7,67832.34
277,2021-03-14,2021,3,Rajasthan,Udaipur,Diwali,Female,46-60,Silver,Jewelry,5,24K,Credit Card,Mall Store,1,77708,5,73822.6
278,2026-02-05,2026,2,Tamil Nadu,Chennai,Akshaya Tritiya,Female,36-45,Silver,Bar,50,24K,UPI,Mall Store,2,74995,0,149990.0
279,2026-11-09,2026,11,Gujarat,Ahmedabad,Akshaya Tritiya,Male,18-25,Silver,Jewelry,50,24K,Debit Card,Online,3,78123,3,227337.93
280,2026-02-16,2026,2,Karnataka,Mangalore,Dhanteras,Female,18-25,Gold,Coin,5,18K,UPI,Jewelry Shop,1,59911,5,56915.45
281,2025-11-08,2025,11,Delhi,New Delhi,Holi,Female,60+,Silver,Jewelry,10,18K,Cash,Online,3,66674,0,200022.0
282,2025-06-18,2025,6,Delhi,New Delhi,Akshaya Tritiya,Female,46-60,Silver,Jewelry,10,22K,Credit Card,Mall Store,3,77959,2,229199.46
283,2024-04-05,2024,4,Tamil Nadu,Coimbatore,None,Female,26-35,Gold,Bar,10,18K,Credit Card,Mall Store,1,64434,7,59923.62
284,2026-12-27,2026,12,Maharashtra,Nagpur,Akshaya Tritiya,Female,18-25,Silver,Bar,5,24K,Debit Card,Online,3,86620,5,246867.0
285,2023-10-24,2023,10,Maharashtra,Pune,Dhanteras,Male,36-45,Gold,Jewelry,5,22K,Debit Card,Online,1,66346,3,64355.62
286,2021-07-12,2021,7,Tamil Nadu,Chennai,Wedding Season,Female,46-60,Silver,Bar,20,18K,UPI,Online,3,75461,3,219591.51
287,2023-03-16,2023,3,Uttar Pradesh,Kanpur,None,Male,36-45,Gold,Coin,10,18K,UPI,Online,1,71338,3,69197.86
288,2023-12-19,2023,12,Gujarat,Vadodara,Dhanteras,Male,60+,Gold,Coin,5,22K,Debit Card,Mall Store,1,66646,5,63313.7
289,2024-05-18,2024,5,Gujarat,Ahmedabad,Wedding Season,Female,18-25,Gold,Bar,20,18K,Cash,Online,3,67694,0,203082.0
290,2022-01-12,2022,1,Tamil Nadu,Chennai,Akshaya Tritiya,Male,26-35,Gold,Bar,20,22K,Credit Card,Jewelry Shop,3,68933,7,192323.07
291,2024-11-18,2024,11,Gujarat,Vadodara,Wedding Season,Male,60+,Silver,Bar,10,24K,Credit Card,Jewelry Shop,3,81332,0,243996.0
292,2026-10-19,2026,10,Rajasthan,Jaipur,Akshaya Tritiya,Female,46-60,Silver,Jewelry,20,18K,Cash,Jewelry Shop,3,70609,3,205472.19
293,2021-09-26,2021,9,Tamil Nadu,Chennai,Dhanteras,Male,46-60,Gold,Jewelry,10,18K,Debit Card,Mall Store,3,57545,7,160550.55
294,2021-12-25,2021,12,Rajasthan,Jaipur,Diwali,Male,26-35,Gold,Coin,5,18K,Cash,Jewelry Shop,2,53088,3,102990.72
295,2021-03-11,2021,3,Delhi,New Delhi,Wedding Season,Male,60+,Silver,Jewelry,5,18K,UPI,Mall Store,2,85241,5,161957.9
296,2024-05-19,2024,5,Rajasthan,Jaipur,Holi,Male,36-45,Silver,Coin,50,22K,UPI,Jewelry Shop,1,84094,3,81571.18
297,2024-04-23,2024,4,Gujarat,Vadodara,None,Male,36-45,Gold,Bar,20,24K,Cash,Online,3,60938,5,173673.3
298,2023-05-11,2023,5,Maharashtra,Pune,None,Female,26-35,Silver,Coin,10,24K,Cash,Online,3,82097,0,246291.0
299,2026-03-05,2026,3,Tamil Nadu,Coimbatore,None,Male,36-45,Gold,Bar,5,22K,UPI,Online,1,56200,7,52266.0
300,2023-08-19,2023,8,Uttar Pradesh,Agra,Diwali,Female,60+,Silver,Jewelry,10,22K,Debit Card,Jewelry Shop,2,78340,2,153546.4
301,2025-02-01,2025,2,Karnataka,Mangalore,Akshaya Tritiya,Female,26-35,Silver,Jewelry,20,24K,Cash,Mall Store,3,89356,2,262706.64
302,2024-09-20,2024,9,Uttar Pradesh,Agra,Wedding Season,Female,46-60,Silver,Coin,20,22K,UPI,Online,2,76633,2,150200.68
303,2023-12-15,2023,12,Uttar Pradesh,Agra,None,Male,18-25,Gold,Jewelry,5,18K,Debit Card,Mall Store,1,62804,7,58407.72
304,2022-09-01,2022,9,Gujarat,Ahmedabad,Akshaya Tritiya,Female,26-35,Silver,Bar,20,24K,Debit Card,Mall Store,3,85164,5,242717.4
305,2023-09-06,2023,9,Tamil Nadu,Chennai,Holi,Male,60+,Silver,Jewelry,50,24K,Cash,Mall Store,3,79351,0,238053.0
306,2023-08-08,2023,8,Tamil Nadu,Chennai,Diwali,Female,36-45,Silver,Jewelry,5,18K,Cash,Mall Store,1,77751,2,76195.98
307,2024-08-20,2024,8,Rajasthan,Udaipur,Diwali,Female,36-45,Silver,Bar,10,22K,Debit Card,Jewelry Shop,2,77716,0,155432.0
308,2024-12-16,2024,12,Tamil Nadu,Chennai,Akshaya Tritiya,Female,46-60,Silver,Bar,5,18K,Cash,Jewelry Shop,1,77655,7,72219.15
309,2022-09-08,2022,9,Gujarat,Ahmedabad,Dhanteras,Male,36-45,Gold,Bar,5,18K,Cash,Jewelry Shop,3,70592,3,205422.72
310,2023-05-14,2023,5,Rajasthan,Udaipur,Holi,Male,46-60,Gold,Jewelry,10,24K,Cash,Mall Store,3,71702,5,204350.7
311,2021-08-18,2021,8,Tamil Nadu,Chennai,Dhanteras,Female,26-35,Gold,Bar,50,18K,UPI,Mall Store,1,70001,7,65100.93
312,2026-04-15,2026,4,Uttar Pradesh,Agra,Wedding Season,Male,26-35,Silver,Coin,10,18K,Cash,Mall Store,1,69777,5,66288.15
313,2021-10-09,2021,10,Uttar Pradesh,Agra,Dhanteras,Female,46-60,Silver,Jewelry,5,24K,Cash,Mall Store,3,71209,3,207218.19
314,2021-06-09,2021,6,Rajasthan,Udaipur,Holi,Male,18-25,Gold,Coin,10,18K,UPI,Mall Store,1,75739,2,74224.22
315,2023-07-29,2023,7,Uttar Pradesh,Kanpur,Wedding Season,Female,36-45,Silver,Bar,5,22K,Cash,Jewelry Shop,1,77650,7,72214.5
316,2023-11-22,2023,11,Delhi,New Delhi,Dhanteras,Male,18-25,Gold,Bar,5,18K,UPI,Jewelry Shop,3,64629,7,180314.91
317,2025-10-12,2025,10,Uttar Pradesh,Lucknow,None,Female,36-45,Silver,Bar,50,18K,Credit Card,Mall Store,2,76664,0,153328.0
318,2026-05-31,2026,5,Karnataka,Mangalore,Dhanteras,Female,60+,Silver,Bar,50,22K,Credit Card,Mall Store,1,91260,5,86697.0
319,2026-01-04,2026,1,Karnataka,Mangalore,None,Male,18-25,Silver,Jewelry,50,22K,UPI,Online,1,87992,0,87992.0
320,2021-12-28,2021,12,Delhi,New Delhi,Diwali,Female,26-35,Gold,Coin,5,18K,UPI,Mall Store,2,60328,7,112210.08
321,2026-07-18,2026,7,Delhi,New Delhi,Wedding Season,Male,26-35,Silver,Bar,20,24K,UPI,Mall Store,3,86752,0,260256.0
322,2021-01-02,2021,1,Tamil Nadu,Chennai,Dhanteras,Male,36-45,Gold,Coin,20,18K,Debit Card,Jewelry Shop,2,58546,2,114750.16
323,2024-11-26,2024,11,Tamil Nadu,Chennai,Akshaya Tritiya,Female,26-35,Gold,Bar,10,22K,Debit Card,Mall Store,1,56578,7,52617.54
324,2021-10-24,2021,10,Maharashtra,Nagpur,Holi,Female,36-45,Gold,Jewelry,20,18K,Credit Card,Mall Store,3,69916,0,209748.0
325,2026-03-03,2026,3,Delhi,New Delhi,Holi,Male,46-60,Silver,Jewelry,20,24K,Debit Card,Mall Store,2,75554,5,143552.6
326,2021-02-09,2021,2,Rajasthan,Jaipur,None,Female,26-35,Gold,Coin,5,22K,Credit Card,Online,2,66576,3,129157.44
327,2024-01-08,2024,1,Tamil Nadu,Chennai,Dhanteras,Male,46-60,Silver,Bar,10,24K,Cash,Jewelry Shop,2,76983,2,150886.68
328,2022-03-13,2022,3,Gujarat,Ahmedabad,Diwali,Male,46-60,Gold,Bar,5,18K,UPI,Jewelry Shop,3,61459,3,178845.69
329,2023-01-20,2023,1,Karnataka,Mangalore,Holi,Female,46-60,Silver,Jewelry,10,24K,Debit Card,Jewelry Shop,3,82153,3,239065.23
330,2022-05-09,2022,5,Tamil Nadu,Chennai,None,Female,36-45,Silver,Bar,5,24K,Cash,Jewelry Shop,3,78646,2,231219.24
331,2023-12-13,2023,12,Tamil Nadu,Chennai,Dhanteras,Female,46-60,Silver,Bar,20,22K,Cash,Jewelry Shop,3,75381,3,219358.71
332,2024-02-20,2024,2,Delhi,New Delhi,Wedding Season,Male,60+,Silver,Jewelry,10,24K,Credit Card,Online,2,88241,3,171187.54
333,2021-02-09,2021,2,Tamil Nadu,Coimbatore,Dhanteras,Female,46-60,Silver,Jewelry,20,22K,Credit Card,Jewelry Shop,1,72298,2,70852.04
334,2023-06-02,2023,6,Tamil Nadu,Chennai,Akshaya Tritiya,Female,18-25,Silver,Coin,20,22K,Credit Card,Jewelry Shop,3,65734,2,193257.96
335,2023-03-26,2023,3,Tamil Nadu,Coimbatore,Holi,Male,36-45,Silver,Coin,20,18K,Debit Card,Mall Store,2,65525,0,131050.0
336,2022-08-17,2022,8,Delhi,New Delhi,Dhanteras,Female,46-60,Silver,Bar,50,24K,UPI,Online,2,87282,5,165835.8
337,2024-01-01,2024,1,Karnataka,Bangalore,Holi,Female,36-45,Silver,Coin,20,18K,Debit Card,Jewelry Shop,3,78202,3,227567.82
338,2023-10-28,2023,10,Gujarat,Ahmedabad,None,Male,26-35,Gold,Jewelry,50,24K,UPI,Online,3,61520,2,180868.8
339,2023-12-12,2023,12,Delhi,New Delhi,Holi,Male,18-25,Gold,Bar,50,22K,Cash,Online,3,65860,0,197580.0
340,2022-11-30,2022,11,Uttar Pradesh,Kanpur,Diwali,Male,36-45,Silver,Coin,50,22K,Credit Card,Mall Store,1,86843,2,85106.14
341,2025-11-17,2025,11,Delhi,New Delhi,Holi,Female,36-45,Gold,Coin,10,24K,Debit Card,Jewelry Shop,3,76529,5,218107.65
342,2026-11-14,2026,11,Karnataka,Mysore,Dhanteras,Female,36-45,Silver,Coin,5,18K,Debit Card,Jewelry Shop,2,67102,0,134204.0
343,2025-03-11,2025,3,Karnataka,Bangalore,Dhanteras,Female,60+,Silver,Coin,50,24K,Cash,Mall Store,3,71657,2,210671.58
344,2025-09-26,2025,9,Uttar Pradesh,Agra,None,Male,60+,Silver,Bar,20,22K,Credit Card,Jewelry Shop,1,75046,3,72794.62
345,2026-02-09,2026,2,Gujarat,Ahmedabad,Holi,Female,36-45,Gold,Bar,50,24K,Credit Card,Online,2,61693,0,123386.0
346,2022-05-28,2022,5,Gujarat,Ahmedabad,None,Female,18-25,Gold,Jewelry,5,24K,UPI,Jewelry Shop,1,60297,3,58488.09
347,2021-05-10,2021,5,Gujarat,Surat,Akshaya Tritiya,Male,26-35,Silver,Jewelry,20,22K,UPI,Mall Store,2,76007,3,147453.58
348,2023-10-17,2023,10,Delhi,New Delhi,Wedding Season,Female,26-35,Gold,Bar,5,24K,Debit Card,Mall Store,2,61193,0,122386.0
349,2022-10-12,2022,10,Rajasthan,Jaipur,None,Male,60+,Gold,Bar,5,22K,Debit Card,Mall Store,2,70139,3,136069.66
350,2023-08-25,2023,8,Karnataka,Bangalore,None,Female,36-45,Silver,Jewelry,10,22K,UPI,Jewelry Shop,3,64631,2,190015.14
351,2022-09-27,2022,9,Rajasthan,Jaipur,Akshaya Tritiya,Male,26-35,Gold,Jewelry,50,24K,Credit Card,Mall Store,3,59015,5,168192.75
352,2022-05-31,2022,5,Maharashtra,Pune,Wedding Season,Male,36-45,Silver,Bar,20,22K,Cash,Online,1,84000,7,78120.0
353,2026-06-11,2026,6,Uttar Pradesh,Kanpur,None,Female,60+,Silver,Coin,50,24K,Cash,Mall Store,1,86060,3,83478.2
354,2021-10-10,2021,10,Karnataka,Mysore,Holi,Male,46-60,Silver,Coin,20,18K,Credit Card,Jewelry Shop,3,72334,7,201811.86
355,2023-09-06,2023,9,Maharashtra,Nashik,Akshaya Tritiya,Male,60+,Gold,Coin,10,18K,Debit Card,Mall Store,3,57693,3,167886.63
356,2022-01-30,2022,1,Gujarat,Vadodara,Holi,Male,18-25,Silver,Jewelry,10,24K,Cash,Online,2,73474,3,142539.56
357,2026-06-30,2026,6,Delhi,New Delhi,Holi,Female,18-25,Gold,Coin,10,18K,UPI,Online,3,58431,5,166528.35
358,2025-08-31,2025,8,Gujarat,Vadodara,Akshaya Tritiya,Male,60+,Silver,Coin,5,18K,UPI,Jewelry Shop,2,67576,0,135152.0
359,2025-04-28,2025,4,Maharashtra,Mumbai,Dhanteras,Male,60+,Gold,Bar,10,18K,Cash,Mall Store,3,59671,2,175432.74
360,2026-02-22,2026,2,Uttar Pradesh,Agra,None,Female,18-25,Silver,Jewelry,10,18K,Debit Card,Mall Store,1,89380,7,83123.4
361,2024-07-14,2024,7,Karnataka,Mangalore,Holi,Female,36-45,Gold,Coin,50,18K,Credit Card,Mall Store,3,72380,5,206283.0
362,2026-01-28,2026,1,Gujarat,Vadodara,Wedding Season,Female,18-25,Gold,Bar,5,22K,UPI,Mall Store,3,67239,3,195665.49
363,2021-03-30,2021,3,Gujarat,Surat,None,Female,60+,Gold,Bar,10,24K,UPI,Jewelry Shop,1,64420,2,63131.6
364,2023-08-13,2023,8,Karnataka,Bangalore,Akshaya Tritiya,Female,18-25,Gold,Bar,50,18K,Cash,Mall Store,2,62729,7,116675.94
365,2024-05-15,2024,5,Maharashtra,Nagpur,Diwali,Female,18-25,Silver,Jewelry,20,22K,Debit Card,Jewelry Shop,2,68446,7,127309.56
366,2024-06-02,2024,6,Rajasthan,Jaipur,Holi,Male,36-45,Gold,Bar,10,22K,Cash,Online,1,72179,5,68570.05
367,2022-01-04,2022,1,Maharashtra,Nashik,Dhanteras,Female,36-45,Silver,Coin,10,24K,Credit Card,Online,3,90803,7,253340.37
368,2025-11-15,2025,11,Delhi,New Delhi,None,Male,26-35,Silver,Coin,10,22K,Debit Card,Mall Store,1,74713,5,70977.35
369,2024-08-17,2024,8,Tamil Nadu,Chennai,None,Male,18-25,Gold,Bar,50,22K,Credit Card,Jewelry Shop,1,63463,3,61559.11
370,2022-11-25,2022,11,Gujarat,Surat,Akshaya Tritiya,Female,60+,Silver,Jewelry,50,24K,Cash,Online,3,83957,0,251871.0
371,2022-08-28,2022,8,Uttar Pradesh,Kanpur,Akshaya Tritiya,Male,36-45,Gold,Bar,5,22K,Debit Card,Jewelry Shop,1,56802,0,56802.0
372,2026-11-14,2026,11,Maharashtra,Nagpur,Akshaya Tritiya,Female,60+,Gold,Bar,10,18K,UPI,Jewelry Shop,1,74105,2,72622.9
373,2024-01-17,2024,1,Tamil Nadu,Chennai,Diwali,Female,18-25,Silver,Jewelry,50,18K,Credit Card,Mall Store,1,69225,3,67148.25
374,2025-04-09,2025,4,Rajasthan,Udaipur,Holi,Male,36-45,Gold,Coin,5,24K,Cash,Mall Store,2,54518,5,103584.2
375,2026-06-30,2026,6,Delhi,New Delhi,Wedding Season,Male,18-25,Gold,Coin,20,22K,Credit Card,Online,3,62838,3,182858.58
376,2024-02-22,2024,2,Tamil Nadu,Coimbatore,Dhanteras,Male,36-45,Gold,Coin,10,24K,Debit Card,Mall Store,2,64989,0,129978.0
377,2025-10-13,2025,10,Uttar Pradesh,Agra,Akshaya Tritiya,Female,46-60,Gold,Bar,10,24K,Cash,Mall Store,1,66926,7,62241.18
378,2025-10-28,2025,10,Tamil Nadu,Chennai,Dhanteras,Male,36-45,Gold,Jewelry,5,24K,Credit Card,Online,3,63232,7,176417.28
379,2024-01-27,2024,1,Uttar Pradesh,Lucknow,Dhanteras,Male,18-25,Silver,Jewelry,10,24K,Credit Card,Mall Store,2,79196,3,153640.24
380,2021-11-22,2021,11,Tamil Nadu,Chennai,None,Female,26-35,Gold,Bar,50,18K,Credit Card,Online,3,62509,0,187527.0
381,2023-07-16,2023,7,Rajasthan,Udaipur,Diwali,Female,18-25,Silver,Coin,50,24K,Cash,Online,1,79110,2,77527.8
382,2023-10-08,2023,10,Maharashtra,Mumbai,Wedding Season,Female,18-25,Silver,Bar,50,18K,Credit Card,Jewelry Shop,2,85967,3,166775.98
383,2026-10-26,2026,10,Tamil Nadu,Chennai,Holi,Female,18-25,Gold,Bar,50,18K,UPI,Online,2,68810,0,137620.0
384,2025-09-27,2025,9,Karnataka,Mysore,Akshaya Tritiya,Male,60+,Silver,Jewelry,50,18K,Debit Card,Online,2,73342,5,139349.8
385,2025-05-30,2025,5,Uttar Pradesh,Agra,Wedding Season,Female,46-60,Gold,Jewelry,10,22K,Cash,Jewelry Shop,3,58998,7,164604.42
386,2022-05-22,2022,5,Maharashtra,Nagpur,Diwali,Male,46-60,Silver,Bar,20,24K,Debit Card,Mall Store,3,90550,2,266217.0
387,2024-10-04,2024,10,Rajasthan,Jaipur,Holi,Male,26-35,Silver,Jewelry,10,18K,UPI,Jewelry Shop,2,81432,0,162864.0
388,2022-06-23,2022,6,Karnataka,Mysore,Dhanteras,Male,60+,Silver,Coin,5,22K,Debit Card,Jewelry Shop,3,72425,2,212929.5
389,2026-05-03,2026,5,Tamil Nadu,Chennai,Wedding Season,Female,46-60,Silver,Jewelry,5,24K,Credit Card,Mall Store,1,75196,7,69932.28
390,2024-11-30,2024,11,Uttar Pradesh,Agra,Diwali,Male,18-25,Gold,Bar,20,22K,UPI,Online,1,54053,2,52971.94
391,2022-12-28,2022,12,Maharashtra,Nashik,Wedding Season,Female,18-25,Gold,Jewelry,20,22K,Credit Card,Jewelry Shop,3,62292,3,181269.72
392,2022-07-06,2022,7,Rajasthan,Jaipur,Diwali,Female,36-45,Silver,Bar,50,18K,Cash,Mall Store,1,83893,3,81376.21
393,2026-06-05,2026,6,Gujarat,Vadodara,None,Female,46-60,Gold,Bar,20,22K,Credit Card,Online,3,56299,7,157074.21
394,2024-04-04,2024,4,Tamil Nadu,Coimbatore,Dhanteras,Male,18-25,Silver,Jewelry,50,18K,UPI,Mall Store,1,80044,7,74440.92
395,2023-05-20,2023,5,Rajasthan,Jaipur,Diwali,Male,36-45,Silver,Coin,5,22K,Credit Card,Mall Store,1,78431,3,76078.07
396,2025-06-11,2025,6,Tamil Nadu,Coimbatore,None,Male,26-35,Gold,Jewelry,20,22K,Debit Card,Jewelry Shop,3,58526,3,170310.66
397,2024-10-04,2024,10,Rajasthan,Jaipur,Wedding Season,Female,18-25,Gold,Bar,20,18K,Credit Card,Mall Store,1,72175,5,68566.25
398,2021-09-29,2021,9,Tamil Nadu,Chennai,Dhanteras,Female,18-25,Gold,Coin,50,18K,Cash,Mall Store,3,73816,3,214804.56
399,2024-07-12,2024,7,Tamil Nadu,Coimbatore,None,Male,36-45,Gold,Coin,5,22K,Cash,Jewelry Shop,1,77280,3,74961.6
400,2025-03-13,2025,3,Delhi,New Delhi,Diwali,Male,18-25,Gold,Coin,5,22K,Cash,Online,2,70125,2,137445.0
401,2022-06-28,2022,6,Karnataka,Mysore,Dhanteras,Male,46-60,Silver,Coin,5,24K,Credit Card,Online,1,76954,0,76954.0
402,2026-11-03,2026,11,Uttar Pradesh,Agra,None,Female,18-25,Gold,Bar,20,18K,Cash,Jewelry Shop,2,63765,0,127530.0
403,2022-04-27,2022,4,Gujarat,Ahmedabad,Akshaya Tritiya,Male,26-35,Silver,Coin,5,24K,UPI,Online,3,74678,3,217312.98
404,2023-09-30,2023,9,Tamil Nadu,Coimbatore,Dhanteras,Male,36-45,Silver,Bar,20,18K,Debit Card,Online,1,75583,3,73315.51
405,2021-08-09,2021,8,Gujarat,Ahmedabad,Diwali,Female,46-60,Silver,Jewelry,50,18K,Credit Card,Jewelry Shop,1,87276,0,87276.0
406,2026-04-03,2026,4,Karnataka,Bangalore,Diwali,Female,36-45,Gold,Bar,50,22K,Cash,Online,3,68020,2,199978.8
407,2024-09-15,2024,9,Gujarat,Vadodara,Akshaya Tritiya,Female,46-60,Silver,Jewelry,5,22K,UPI,Jewelry Shop,2,79640,2,156094.4
408,2022-06-06,2022,6,Delhi,New Delhi,Holi,Male,46-60,Gold,Bar,5,22K,UPI,Jewelry Shop,2,65956,7,122678.16
409,2023-09-26,2023,9,Tamil Nadu,Coimbatore,Holi,Male,46-60,Silver,Coin,5,22K,Cash,Mall Store,2,86436,2,169414.56
410,2023-08-26,2023,8,Tamil Nadu,Coimbatore,Dhanteras,Male,60+,Silver,Coin,5,18K,Debit Card,Jewelry Shop,2,86272,7,160465.92
411,2022-03-22,2022,3,Tamil Nadu,Chennai,None,Female,36-45,Silver,Coin,5,24K,Cash,Online,2,68342,5,129849.8
412,2025-05-17,2025,5,Tamil Nadu,Chennai,Holi,Female,26-35,Gold,Jewelry,20,22K,Credit Card,Jewelry Shop,2,59276,7,110253.36
413,2025-07-14,2025,7,Uttar Pradesh,Kanpur,Dhanteras,Female,18-25,Gold,Coin,5,24K,Credit Card,Online,1,75275,7,70005.75
414,2024-07-27,2024,7,Rajasthan,Udaipur,None,Female,46-60,Gold,Coin,50,18K,Cash,Mall Store,2,62937,7,117062.82
415,2025-09-05,2025,9,Gujarat,Surat,Dhanteras,Female,26-35,Gold,Jewelry,5,24K,UPI,Online,3,61118,5,174186.3
416,2025-08-31,2025,8,Uttar Pradesh,Kanpur,Wedding Season,Female,60+,Silver,Jewelry,50,18K,Debit Card,Mall Store,1,71710,2,70275.8
417,2021-01-31,2021,1,Rajasthan,Udaipur,Holi,Female,26-35,Silver,Bar,20,22K,Credit Card,Online,1,77121,2,75578.58
418,2021-11-24,2021,11,Maharashtra,Nashik,Dhanteras,Female,46-60,Silver,Bar,5,18K,UPI,Online,3,71364,5,203387.4
419,2021-02-14,2021,2,Delhi,New Delhi,Wedding Season,Female,60+,Silver,Coin,20,22K,Credit Card,Jewelry Shop,1,86470,3,83875.9
420,2023-12-03,2023,12,Karnataka,Bangalore,Diwali,Female,60+,Gold,Jewelry,5,18K,Credit Card,Mall Store,3,77538,3,225635.58
421,2021-11-11,2021,11,Tamil Nadu,Chennai,Akshaya Tritiya,Female,26-35,Silver,Bar,20,22K,Credit Card,Online,1,82025,2,80384.5
422,2026-01-04,2026,1,Uttar Pradesh,Lucknow,Akshaya Tritiya,Male,36-45,Gold,Bar,10,22K,Cash,Mall Store,3,76790,2,225762.6
423,2026-07-25,2026,7,Rajasthan,Jaipur,Wedding Season,Female,26-35,Silver,Bar,50,18K,Cash,Online,1,66027,7,61405.11
424,2026-03-16,2026,3,Tamil Nadu,Coimbatore,Wedding Season,Female,36-45,Gold,Coin,10,22K,Debit Card,Jewelry Shop,1,62035,0,62035.0
425,2024-07-17,2024,7,Karnataka,Bangalore,Holi,Male,18-25,Silver,Bar,20,22K,Credit Card,Jewelry Shop,2,65517,5,124482.3
426,2026-03-04,2026,3,Karnataka,Mysore,None,Male,60+,Gold,Jewelry,20,18K,Cash,Jewelry Shop,3,63571,7,177363.09
427,2026-11-22,2026,11,Tamil Nadu,Chennai,Diwali,Female,36-45,Gold,Jewelry,20,22K,Cash,Online,1,55026,5,52274.7
428,2022-05-14,2022,5,Maharashtra,Pune,None,Male,18-25,Gold,Bar,10,22K,Cash,Online,3,76378,2,224551.32
429,2026-02-01,2026,2,Uttar Pradesh,Lucknow,Akshaya Tritiya,Female,36-45,Silver,Coin,10,24K,Credit Card,Online,2,76884,0,153768.0
430,2025-12-10,2025,12,Delhi,New Delhi,Diwali,Female,26-35,Silver,Bar,50,24K,Debit Card,Online,2,65425,3,126924.5
431,2023-11-27,2023,11,Gujarat,Vadodara,Diwali,Male,18-25,Silver,Jewelry,20,22K,UPI,Jewelry Shop,3,72773,0,218319.0
432,2022-09-13,2022,9,Gujarat,Vadodara,None,Female,46-60,Gold,Bar,5,18K,Debit Card,Jewelry Shop,3,55421,5,157949.85
433,2026-05-29,2026,5,Delhi,New Delhi,Diwali,Female,36-45,Gold,Bar,20,22K,UPI,Mall Store,1,72847,0,72847.0
434,2024-04-02,2024,4,Uttar Pradesh,Lucknow,None,Male,26-35,Silver,Bar,5,22K,Cash,Jewelry Shop,2,83283,0,166566.0
435,2025-11-29,2025,11,Uttar Pradesh,Kanpur,None,Male,26-35,Gold,Jewelry,10,24K,Cash,Jewelry Shop,2,68955,0,137910.0
436,2021-06-01,2021,6,Delhi,New Delhi,Akshaya Tritiya,Male,36-45,Silver,Bar,5,22K,UPI,Online,3,78507,5,223744.95
437,2022-08-03,2022,8,Rajasthan,Udaipur,Wedding Season,Male,46-60,Gold,Bar,5,24K,Cash,Online,1,71286,0,71286.0
438,2022-12-01,2022,12,Gujarat,Vadodara,Holi,Male,18-25,Gold,Jewelry,50,18K,Cash,Online,1,67077,5,63723.15
439,2022-05-10,2022,5,Rajasthan,Jaipur,None,Male,36-45,Silver,Jewelry,5,18K,Cash,Jewelry Shop,3,75710,5,215773.5
440,2025-02-24,2025,2,Maharashtra,Pune,Holi,Male,46-60,Silver,Jewelry,5,24K,UPI,Mall Store,2,72332,2,141770.72
441,2021-01-30,2021,1,Tamil Nadu,Coimbatore,Dhanteras,Male,60+,Gold,Coin,50,18K,Debit Card,Mall Store,2,52564,0,105128.0
442,2023-09-07,2023,9,Gujarat,Ahmedabad,Dhanteras,Male,60+,Gold,Jewelry,50,18K,UPI,Mall Store,3,64253,5,183121.05
443,2023-02-26,2023,2,Rajasthan,Udaipur,Diwali,Male,60+,Silver,Coin,10,22K,Cash,Jewelry Shop,1,77652,7,72216.36
444,2022-12-24,2022,12,Maharashtra,Mumbai,Dhanteras,Male,18-25,Gold,Bar,20,22K,Cash,Jewelry Shop,3,60964,5,173747.4
445,2022-12-22,2022,12,Karnataka,Mysore,Dhanteras,Male,46-60,Silver,Bar,5,24K,Cash,Mall Store,1,67821,0,67821.0
446,2022-03-28,2022,3,Delhi,New Delhi,Akshaya Tritiya,Male,18-25,Silver,Jewelry,50,24K,Debit Card,Online,3,70396,3,204852.36
447,2026-02-07,2026,2,Maharashtra,Nashik,Dhanteras,Female,36-45,Silver,Jewelry,50,18K,Cash,Mall Store,2,65550,2,128478.0
448,2021-09-02,2021,9,Karnataka,Mysore,Akshaya Tritiya,Male,18-25,Gold,Coin,50,22K,Cash,Jewelry Shop,1,68676,0,68676.0
449,2021-12-21,2021,12,Gujarat,Surat,Wedding Season,Female,26-35,Gold,Bar,50,22K,Credit Card,Online,3,59449,7,165862.71
450,2023-06-30,2023,6,Uttar Pradesh,Kanpur,Holi,Male,60+,Gold,Jewelry,50,24K,UPI,Jewelry Shop,2,64866,5,123245.4
451,2022-02-06,2022,2,Uttar Pradesh,Agra,Wedding Season,Female,26-35,Gold,Jewelry,5,18K,Debit Card,Online,3,69875,5,199143.75
452,2026-05-20,2026,5,Gujarat,Surat,None,Female,26-35,Silver,Bar,50,18K,UPI,Jewelry Shop,3,69963,0,209889.0
453,2021-01-06,2021,1,Delhi,New Delhi,None,Male,46-60,Silver,Bar,20,18K,UPI,Jewelry Shop,2,73826,5,140269.4
454,2026-10-10,2026,10,Delhi,New Delhi,None,Female,18-25,Gold,Jewelry,50,22K,Debit Card,Mall Store,3,55101,3,160343.91
455,2021-10-02,2021,10,Maharashtra,Nagpur,Holi,Male,26-35,Silver,Coin,10,18K,UPI,Mall Store,3,73517,7,205112.43
456,2025-09-29,2025,9,Delhi,New Delhi,Akshaya Tritiya,Male,18-25,Gold,Coin,20,22K,Debit Card,Mall Store,2,66625,3,129252.5
457,2026-01-26,2026,1,Tamil Nadu,Chennai,Holi,Female,18-25,Silver,Jewelry,50,24K,UPI,Jewelry Shop,3,87653,7,244551.87
458,2022-08-30,2022,8,Gujarat,Surat,Wedding Season,Male,26-35,Gold,Bar,5,22K,Debit Card,Mall Store,1,56500,3,54805.0
459,2021-03-29,2021,3,Tamil Nadu,Chennai,Akshaya Tritiya,Male,18-25,Silver,Jewelry,10,18K,Credit Card,Jewelry Shop,2,78641,5,149417.9
460,2025-12-29,2025,12,Tamil Nadu,Coimbatore,Wedding Season,Female,60+,Silver,Jewelry,20,24K,Credit Card,Online,3,82423,7,229960.17
461,2026-02-11,2026,2,Delhi,New Delhi,Dhanteras,Male,60+,Silver,Coin,10,24K,Cash,Online,1,65879,3,63902.63
462,2023-12-03,2023,12,Gujarat,Ahmedabad,Akshaya Tritiya,Male,26-35,Gold,Bar,5,18K,Credit Card,Jewelry Shop,3,65986,2,193998.84
463,2022-05-13,2022,5,Gujarat,Surat,Diwali,Female,46-60,Silver,Jewelry,50,22K,Cash,Online,1,82160,7,76408.8
464,2024-04-02,2024,4,Uttar Pradesh,Agra,Holi,Male,60+,Silver,Bar,50,22K,UPI,Mall Store,3,87090,3,253431.9
465,2025-07-04,2025,7,Delhi,New Delhi,Holi,Male,46-60,Gold,Coin,5,22K,UPI,Mall Store,1,70256,3,68148.32
466,2025-12-30,2025,12,Uttar Pradesh,Lucknow,None,Male,60+,Gold,Coin,10,22K,Credit Card,Mall Store,1,61791,0,61791.0
467,2025-05-01,2025,5,Tamil Nadu,Chennai,Akshaya Tritiya,Male,36-45,Silver,Coin,20,22K,Debit Card,Mall Store,1,78055,5,74152.25
468,2022-11-02,2022,11,Maharashtra,Mumbai,None,Female,46-60,Silver,Jewelry,5,24K,Cash,Jewelry Shop,2,88662,5,168457.8
469,2025-08-05,2025,8,Delhi,New Delhi,None,Female,46-60,Gold,Jewelry,50,18K,Cash,Online,2,71409,0,142818.0
470,2024-05-29,2024,5,Gujarat,Surat,Wedding Season,Female,26-35,Silver,Jewelry,5,24K,Credit Card,Jewelry Shop,2,82622,0,165244.0
471,2023-01-05,2023,1,Uttar Pradesh,Agra,Wedding Season,Male,18-25,Silver,Jewelry,20,22K,UPI,Mall Store,3,69486,3,202204.26
472,2026-05-04,2026,5,Uttar Pradesh,Kanpur,None,Male,36-45,Silver,Bar,5,22K,Cash,Mall Store,2,85676,3,166211.44
473,2022-10-31,2022,10,Maharashtra,Mumbai,Diwali,Female,36-45,Silver,Coin,20,24K,Credit Card,Jewelry Shop,3,80034,2,235299.96
474,2024-08-14,2024,8,Tamil Nadu,Chennai,Akshaya Tritiya,Female,36-45,Gold,Bar,20,24K,Credit Card,Online,1,59373,7,55216.89
475,2022-10-30,2022,10,Maharashtra,Mumbai,Diwali,Male,26-35,Silver,Bar,10,24K,UPI,Jewelry Shop,2,77009,5,146317.1
476,2024-06-30,2024,6,Delhi,New Delhi,None,Female,26-35,Gold,Coin,20,24K,Credit Card,Online,1,59152,5,56194.4
477,2023-07-18,2023,7,Uttar Pradesh,Lucknow,Akshaya Tritiya,Male,26-35,Gold,Jewelry,5,22K,UPI,Online,3,61853,2,181847.82
478,2026-10-05,2026,10,Maharashtra,Nashik,Holi,Male,46-60,Silver,Jewelry,20,24K,UPI,Jewelry Shop,1,63661,0,63661.0
479,2023-03-31,2023,3,Uttar Pradesh,Lucknow,Dhanteras,Female,18-25,Gold,Jewelry,10,18K,Credit Card,Mall Store,3,60869,2,178954.86
480,2026-08-31,2026,8,Karnataka,Mysore,Holi,Male,18-25,Gold,Bar,5,18K,Cash,Mall Store,3,70385,7,196374.15
481,2026-08-28,2026,8,Gujarat,Surat,None,Female,36-45,Gold,Bar,10,22K,UPI,Online,1,71353,0,71353.0
482,2025-07-28,2025,7,Rajasthan,Udaipur,Diwali,Female,18-25,Silver,Coin,5,18K,Cash,Jewelry Shop,1,77760,7,72316.8
483,2024-09-05,2024,9,Rajasthan,Udaipur,Wedding Season,Male,46-60,Silver,Coin,50,18K,Credit Card,Mall Store,3,80929,0,242787.0
484,2023-02-13,2023,2,Rajasthan,Udaipur,Diwali,Female,36-45,Gold,Jewelry,5,18K,Debit Card,Mall Store,2,73655,3,142890.7
485,2022-08-11,2022,8,Maharashtra,Nashik,Wedding Season,Female,60+,Silver,Jewelry,10,24K,Credit Card,Online,3,80102,0,240306.0
486,2026-08-07,2026,8,Karnataka,Bangalore,Akshaya Tritiya,Female,46-60,Silver,Coin,50,18K,Debit Card,Jewelry Shop,1,71962,5,68363.9
487,2026-06-28,2026,6,Tamil Nadu,Coimbatore,Wedding Season,Male,26-35,Gold,Jewelry,5,18K,UPI,Online,1,68950,0,68950.0
488,2024-05-25,2024,5,Delhi,New Delhi,Holi,Male,18-25,Gold,Bar,50,22K,Cash,Jewelry Shop,3,65789,3,191445.99
489,2021-03-14,2021,3,Uttar Pradesh,Kanpur,Diwali,Female,18-25,Silver,Coin,50,22K,Debit Card,Jewelry Shop,2,81355,7,151320.3
490,2022-11-04,2022,11,Delhi,New Delhi,Wedding Season,Female,26-35,Gold,Coin,50,22K,UPI,Mall Store,3,63579,3,185014.89
491,2021-08-17,2021,8,Uttar Pradesh,Kanpur,Wedding Season,Female,46-60,Silver,Bar,50,18K,Credit Card,Jewelry Shop,3,81744,2,240327.36
492,2024-11-29,2024,11,Karnataka,Bangalore,None,Male,36-45,Gold,Coin,5,22K,Credit Card,Jewelry Shop,1,74349,2,72862.02
493,2024-07-02,2024,7,Delhi,New Delhi,Holi,Male,18-25,Gold,Coin,5,22K,Cash,Online,1,65311,2,64004.78
494,2026-10-10,2026,10,Tamil Nadu,Coimbatore,Wedding Season,Female,18-25,Gold,Bar,50,18K,UPI,Jewelry Shop,3,71756,5,204504.6
495,2023-04-24,2023,4,Delhi,New Delhi,Akshaya Tritiya,Female,60+,Silver,Bar,20,24K,Credit Card,Jewelry Shop,1,81579,5,77500.05
496,2024-03-23,2024,3,Delhi,New Delhi,Akshaya Tritiya,Male,36-45,Silver,Bar,50,24K,UPI,Mall Store,1,84575,7,78654.75
497,2026-05-01,2026,5,Rajasthan,Jaipur,Wedding Season,Male,36-45,Silver,Jewelry,20,18K,Credit Card,Jewelry Shop,1,75307,7,70035.51
498,2026-10-12,2026,10,Uttar Pradesh,Agra,Wedding Season,Male,18-25,Silver,Bar,10,18K,Debit Card,Online,2,70614,5,134166.6
499,2025-11-12,2025,11,Uttar Pradesh,Agra,Holi,Male,60+,Silver,Jewelry,20,22K,Cash,Online,3,75812,7,211515.48
500,2023-04-14,2023,4,Gujarat,Vadodara,Wedding Season,Female,36-45,Silver,Bar,10,22K,Cash,Jewelry Shop,2,76793,3,148978.42
501,2026-03-17,2026,3,Gujarat,Ahmedabad,Wedding Season,Female,46-60,Gold,Bar,5,24K,Cash,Jewelry Shop,1,60831,2,59614.38
502,2021-06-22,2021,6,Gujarat,Ahmedabad,None,Female,18-25,Silver,Jewelry,5,22K,Credit Card,Online,3,72543,7,202394.97
503,2022-04-04,2022,4,Delhi,New Delhi,Holi,Male,60+,Gold,Bar,20,22K,UPI,Online,3,66938,2,196797.72
504,2025-09-29,2025,9,Tamil Nadu,Chennai,Dhanteras,Male,18-25,Silver,Jewelry,10,22K,Debit Card,Jewelry Shop,3,74722,5,212957.7
505,2022-04-08,2022,4,Karnataka,Mangalore,Akshaya Tritiya,Female,46-60,Gold,Bar,10,22K,Cash,Jewelry Shop,3,73799,3,214755.09
506,2021-08-12,2021,8,Delhi,New Delhi,None,Male,36-45,Silver,Bar,50,22K,Credit Card,Mall Store,3,62975,7,175700.25
507,2024-05-17,2024,5,Maharashtra,Mumbai,Diwali,Male,36-45,Silver,Jewelry,10,22K,Credit Card,Mall Store,1,76822,5,72980.9
508,2024-09-24,2024,9,Delhi,New Delhi,None,Female,18-25,Silver,Jewelry,20,18K,UPI,Jewelry Shop,2,68006,5,129211.4
509,2023-01-23,2023,1,Delhi,New Delhi,None,Female,26-35,Silver,Jewelry,50,24K,Credit Card,Jewelry Shop,1,90034,0,90034.0
510,2022-06-17,2022,6,Tamil Nadu,Chennai,Holi,Female,36-45,Gold,Coin,50,18K,Cash,Jewelry Shop,1,63016,7,58604.88
511,2025-02-14,2025,2,Gujarat,Vadodara,Dhanteras,Female,46-60,Silver,Bar,10,24K,UPI,Mall Store,1,74628,0,74628.0
512,2022-11-23,2022,11,Uttar Pradesh,Agra,Diwali,Female,60+,Gold,Coin,20,24K,UPI,Jewelry Shop,2,57059,2,111835.64
513,2026-02-02,2026,2,Gujarat,Vadodara,None,Female,18-25,Gold,Jewelry,10,24K,Credit Card,Jewelry Shop,3,56026,7,156312.54
514,2023-06-02,2023,6,Uttar Pradesh,Kanpur,Akshaya Tritiya,Male,46-60,Silver,Jewelry,50,24K,UPI,Jewelry Shop,2,71181,2,139514.76
515,2026-02-20,2026,2,Karnataka,Bangalore,Diwali,Male,46-60,Silver,Jewelry,20,18K,Debit Card,Mall Store,2,75741,7,140878.26
516,2021-10-27,2021,10,Gujarat,Vadodara,Diwali,Male,18-25,Silver,Coin,10,22K,Credit Card,Mall Store,2,87313,7,162402.18
517,2025-04-10,2025,4,Uttar Pradesh,Agra,Akshaya Tritiya,Female,36-45,Gold,Jewelry,5,18K,Cash,Jewelry Shop,2,57251,7,106486.86
518,2024-07-23,2024,7,Gujarat,Vadodara,None,Female,26-35,Silver,Coin,5,22K,UPI,Online,2,73848,2,144742.08
519,2023-12-17,2023,12,Delhi,New Delhi,Holi,Female,46-60,Silver,Jewelry,20,18K,Debit Card,Online,2,81114,3,157361.16
520,2023-01-21,2023,1,Tamil Nadu,Coimbatore,Diwali,Female,36-45,Gold,Jewelry,50,22K,UPI,Jewelry Shop,1,60073,0,60073.0
521,2026-07-13,2026,7,Maharashtra,Nashik,Diwali,Male,18-25,Silver,Coin,5,24K,Credit Card,Online,3,88982,5,253598.7
522,2021-01-17,2021,1,Rajasthan,Jaipur,Holi,Male,46-60,Silver,Jewelry,10,22K,UPI,Jewelry Shop,3,82195,7,229324.05
523,2024-08-18,2024,8,Maharashtra,Nagpur,Dhanteras,Male,18-25,Gold,Coin,50,22K,Credit Card,Mall Store,2,65784,7,122358.24
524,2024-08-23,2024,8,Uttar Pradesh,Lucknow,None,Male,26-35,Silver,Jewelry,20,22K,UPI,Mall Store,3,67147,7,187340.13
525,2025-06-22,2025,6,Maharashtra,Nashik,Diwali,Male,26-35,Gold,Jewelry,50,22K,Credit Card,Mall Store,2,67035,2,131388.6
526,2022-06-22,2022,6,Rajasthan,Jaipur,Akshaya Tritiya,Male,36-45,Gold,Bar,10,22K,Debit Card,Jewelry Shop,2,64322,5,122211.8
527,2023-02-03,2023,2,Delhi,New Delhi,Wedding Season,Female,18-25,Silver,Jewelry,20,22K,Cash,Mall Store,2,69984,3,135768.96
528,2024-04-05,2024,4,Uttar Pradesh,Agra,Wedding Season,Female,18-25,Gold,Coin,20,24K,Cash,Mall Store,3,68917,7,192278.43
529,2021-11-10,2021,11,Karnataka,Bangalore,Diwali,Male,60+,Silver,Coin,50,24K,Debit Card,Mall Store,3,76195,0,228585.0
530,2026-08-25,2026,8,Uttar Pradesh,Agra,Diwali,Male,46-60,Silver,Jewelry,10,22K,UPI,Online,2,74316,7,138227.76
531,2026-01-17,2026,1,Delhi,New Delhi,Holi,Female,36-45,Silver,Jewelry,10,24K,UPI,Mall Store,3,86731,5,247183.35
532,2025-06-06,2025,6,Tamil Nadu,Coimbatore,Diwali,Male,26-35,Gold,Bar,50,22K,Debit Card,Mall Store,3,66261,0,198783.0
533,2025-06-06,2025,6,Uttar Pradesh,Agra,Akshaya Tritiya,Male,26-35,Silver,Jewelry,5,24K,UPI,Online,3,74877,7,208906.83
534,2023-09-18,2023,9,Uttar Pradesh,Lucknow,Wedding Season,Male,18-25,Gold,Coin,50,24K,Debit Card,Jewelry Shop,2,64178,2,125788.88
535,2026-04-16,2026,4,Maharashtra,Pune,Diwali,Female,60+,Gold,Jewelry,10,22K,Debit Card,Online,3,60967,5,173755.95
536,2024-04-06,2024,4,Karnataka,Bangalore,Diwali,Female,46-60,Gold,Coin,50,24K,UPI,Mall Store,2,70888,5,134687.2
537,2025-09-05,2025,9,Maharashtra,Nashik,Wedding Season,Male,46-60,Silver,Bar,20,22K,Debit Card,Online,1,85439,3,82875.83
538,2026-09-11,2026,9,Gujarat,Surat,Dhanteras,Female,60+,Gold,Bar,50,24K,Credit Card,Mall Store,2,69277,5,131626.3
539,2022-10-26,2022,10,Uttar Pradesh,Kanpur,Holi,Male,36-45,Silver,Bar,5,18K,Debit Card,Online,3,87925,3,255861.75
540,2026-07-16,2026,7,Gujarat,Ahmedabad,Akshaya Tritiya,Male,26-35,Gold,Bar,5,24K,Credit Card,Jewelry Shop,2,75256,0,150512.0
541,2024-10-15,2024,10,Karnataka,Mangalore,Wedding Season,Male,60+,Gold,Jewelry,5,18K,Cash,Jewelry Shop,3,58246,0,174738.0
542,2026-10-13,2026,10,Karnataka,Mysore,Holi,Male,18-25,Silver,Coin,50,24K,UPI,Mall Store,3,64767,3,188471.97
543,2022-04-29,2022,4,Tamil Nadu,Chennai,Dhanteras,Female,26-35,Gold,Bar,20,18K,Debit Card,Mall Store,1,73783,2,72307.34
544,2023-04-07,2023,4,Delhi,New Delhi,Wedding Season,Female,18-25,Gold,Jewelry,50,22K,Credit Card,Mall Store,2,64925,2,127253.0
545,2023-10-03,2023,10,Gujarat,Ahmedabad,Dhanteras,Female,26-35,Silver,Jewelry,50,22K,Debit Card,Jewelry Shop,3,77157,5,219897.45
546,2026-10-21,2026,10,Rajasthan,Udaipur,Diwali,Male,36-45,Gold,Coin,50,24K,Debit Card,Online,1,72380,0,72380.0
547,2025-09-14,2025,9,Delhi,New Delhi,Wedding Season,Female,36-45,Gold,Coin,5,22K,Cash,Mall Store,1,73249,7,68121.57
548,2025-12-17,2025,12,Delhi,New Delhi,None,Female,46-60,Gold,Jewelry,20,24K,UPI,Mall Store,3,75180,7,209752.2
549,2022-01-16,2022,1,Karnataka,Mysore,Holi,Female,60+,Gold,Coin,10,24K,UPI,Mall Store,3,70804,3,206039.64
550,2022-03-29,2022,3,Tamil Nadu,Coimbatore,None,Male,36-45,Gold,Coin,20,24K,UPI,Mall Store,3,66098,5,188379.3
551,2024-10-20,2024,10,Maharashtra,Nashik,Dhanteras,Male,36-45,Silver,Coin,20,18K,Cash,Mall Store,3,84469,0,253407.0
552,2025-01-19,2025,1,Delhi,New Delhi,Wedding Season,Male,26-35,Gold,Bar,50,22K,UPI,Online,3,64319,7,179450.01
553,2025-02-21,2025,2,Maharashtra,Nashik,None,Female,60+,Gold,Bar,50,22K,Debit Card,Mall Store,1,68244,5,64831.8
554,2026-09-03,2026,9,Delhi,New Delhi,Dhanteras,Female,46-60,Silver,Jewelry,5,18K,Cash,Jewelry Shop,2,87158,2,170829.68
555,2025-08-01,2025,8,Delhi,New Delhi,Diwali,Male,36-45,Gold,Bar,20,24K,Cash,Online,2,75246,0,150492.0
556,2022-08-09,2022,8,Karnataka,Mysore,Dhanteras,Female,18-25,Silver,Coin,20,24K,Cash,Mall Store,2,72166,5,137115.4
557,2025-09-07,2025,9,Delhi,New Delhi,Wedding Season,Female,60+,Gold,Coin,20,22K,Debit Card,Mall Store,2,70307,0,140614.0
558,2026-01-14,2026,1,Rajasthan,Jaipur,Dhanteras,Female,18-25,Gold,Bar,50,22K,Cash,Jewelry Shop,3,72225,5,205841.25
559,2021-12-29,2021,12,Karnataka,Mangalore,Dhanteras,Male,60+,Gold,Bar,20,18K,UPI,Mall Store,3,71810,3,208967.1
560,2026-11-08,2026,11,Tamil Nadu,Chennai,Dhanteras,Female,60+,Gold,Jewelry,5,18K,Cash,Online,3,74425,0,223275.0
561,2024-08-05,2024,8,Karnataka,Bangalore,Wedding Season,Male,46-60,Gold,Jewelry,20,22K,Cash,Jewelry Shop,2,75360,0,150720.0
562,2022-11-20,2022,11,Maharashtra,Nagpur,Akshaya Tritiya,Male,26-35,Silver,Coin,5,24K,Credit Card,Jewelry Shop,1,71240,0,71240.0
563,2021-08-28,2021,8,Uttar Pradesh,Lucknow,Akshaya Tritiya,Female,18-25,Gold,Coin,10,22K,Credit Card,Jewelry Shop,1,68502,0,68502.0
564,2023-08-27,2023,8,Delhi,New Delhi,Wedding Season,Female,18-25,Gold,Coin,5,22K,Debit Card,Mall Store,1,63437,7,58996.41
565,2024-01-08,2024,1,Delhi,New Delhi,Holi,Male,26-35,Silver,Bar,10,22K,Debit Card,Jewelry Shop,2,63099,2,123674.04
566,2025-10-02,2025,10,Maharashtra,Mumbai,Holi,Female,18-25,Gold,Jewelry,50,18K,Credit Card,Mall Store,3,66240,2,194745.6
567,2025-04-07,2025,4,Gujarat,Ahmedabad,Akshaya Tritiya,Male,60+,Gold,Bar,20,24K,Cash,Mall Store,2,69855,7,129930.3
568,2024-02-19,2024,2,Tamil Nadu,Chennai,Wedding Season,Male,60+,Silver,Bar,20,18K,Credit Card,Mall Store,2,66083,0,132166.0
569,2023-05-13,2023,5,Karnataka,Mangalore,Wedding Season,Female,18-25,Silver,Bar,10,18K,UPI,Mall Store,1,73744,3,71531.68
570,2026-06-26,2026,6,Delhi,New Delhi,Wedding Season,Male,18-25,Gold,Bar,5,18K,Debit Card,Mall Store,2,63391,7,117907.26
571,2021-02-04,2021,2,Maharashtra,Nagpur,Diwali,Female,36-45,Silver,Jewelry,50,24K,Cash,Mall Store,2,83154,5,157992.6
572,2024-05-26,2024,5,Maharashtra,Nagpur,None,Male,26-35,Silver,Coin,20,24K,Credit Card,Jewelry Shop,1,73396,7,68258.28
573,2024-02-11,2024,2,Uttar Pradesh,Agra,Holi,Female,26-35,Gold,Bar,10,18K,Cash,Online,1,53141,5,50483.95
574,2026-11-13,2026,11,Tamil Nadu,Chennai,None,Female,26-35,Gold,Bar,5,18K,Credit Card,Mall Store,2,58042,7,107958.12
575,2025-11-07,2025,11,Tamil Nadu,Coimbatore,Wedding Season,Female,18-25,Gold,Bar,50,22K,Credit Card,Mall Store,3,68641,0,205923.0
576,2026-01-13,2026,1,Rajasthan,Jaipur,Akshaya Tritiya,Male,46-60,Gold,Jewelry,20,24K,UPI,Mall Store,2,57899,5,110008.1
577,2024-09-10,2024,9,Gujarat,Vadodara,Akshaya Tritiya,Male,18-25,Silver,Jewelry,50,22K,UPI,Mall Store,1,65786,2,64470.28
578,2024-10-27,2024,10,Rajasthan,Udaipur,Diwali,Female,60+,Silver,Jewelry,5,18K,Debit Card,Online,1,72050,5,68447.5
579,2024-07-07,2024,7,Uttar Pradesh,Kanpur,None,Male,26-35,Gold,Jewelry,50,24K,Credit Card,Mall Store,1,57893,0,57893.0
580,2021-08-02,2021,8,Uttar Pradesh,Kanpur,Akshaya Tritiya,Female,46-60,Gold,Jewelry,50,24K,UPI,Jewelry Shop,3,59917,0,179751.0
581,2021-04-17,2021,4,Delhi,New Delhi,Wedding Season,Female,60+,Silver,Jewelry,5,24K,UPI,Mall Store,3,85105,0,255315.0
582,2024-12-26,2024,12,Uttar Pradesh,Lucknow,Wedding Season,Female,60+,Gold,Coin,10,24K,Cash,Online,1,72882,7,67780.26
583,2025-01-05,2025,1,Maharashtra,Mumbai,Akshaya Tritiya,Male,26-35,Silver,Coin,20,18K,Credit Card,Jewelry Shop,2,86491,7,160873.26
584,2021-08-12,2021,8,Karnataka,Bangalore,Wedding Season,Female,26-35,Gold,Jewelry,10,24K,Credit Card,Online,1,58461,7,54368.73
585,2024-10-06,2024,10,Uttar Pradesh,Kanpur,Holi,Female,46-60,Silver,Coin,10,24K,Debit Card,Online,3,86391,3,251397.81
586,2023-05-24,2023,5,Delhi,New Delhi,Dhanteras,Female,36-45,Gold,Bar,50,24K,Debit Card,Online,3,63129,2,185599.26
587,2022-04-17,2022,4,Rajasthan,Jaipur,Dhanteras,Female,46-60,Silver,Jewelry,20,24K,UPI,Online,1,62569,3,60691.93
588,2023-10-05,2023,10,Gujarat,Surat,Dhanteras,Male,18-25,Gold,Jewelry,20,24K,UPI,Mall Store,2,61957,2,121435.72
589,2023-09-11,2023,9,Gujarat,Surat,Akshaya Tritiya,Female,26-35,Gold,Bar,50,18K,UPI,Online,1,66825,3,64820.25
590,2025-03-13,2025,3,Gujarat,Ahmedabad,Akshaya Tritiya,Female,26-35,Gold,Jewelry,10,18K,Credit Card,Online,3,63969,5,182311.65
591,2026-06-26,2026,6,Karnataka,Bangalore,Dhanteras,Male,46-60,Gold,Bar,5,24K,Debit Card,Mall Store,1,65961,7,61343.73
592,2025-03-12,2025,3,Rajasthan,Udaipur,Holi,Female,46-60,Silver,Coin,20,18K,Debit Card,Mall Store,2,81639,2,160012.44
593,2025-06-10,2025,6,Rajasthan,Jaipur,Dhanteras,Female,46-60,Gold,Coin,10,22K,Credit Card,Mall Store,1,61113,5,58057.35
594,2023-08-01,2023,8,Maharashtra,Mumbai,Holi,Male,46-60,Gold,Bar,20,22K,Debit Card,Jewelry Shop,2,64548,7,120059.28
595,2021-04-12,2021,4,Delhi,New Delhi,Dhanteras,Female,26-35,Silver,Coin,5,22K,UPI,Jewelry Shop,2,81435,3,157983.9
596,2025-01-15,2025,1,Rajasthan,Jaipur,Diwali,Male,36-45,Silver,Jewelry,20,22K,Credit Card,Mall Store,1,70046,0,70046.0
597,2021-02-04,2021,2,Rajasthan,Udaipur,Akshaya Tritiya,Female,36-45,Gold,Coin,50,18K,UPI,Jewelry Shop,1,73931,7,68755.83
598,2023-05-10,2023,5,Uttar Pradesh,Agra,Wedding Season,Male,60+,Gold,Bar,50,18K,Debit Card,Jewelry Shop,1,70950,2,69531.0
599,2025-12-02,2025,12,Rajasthan,Jaipur,Wedding Season,Male,36-45,Silver,Jewelry,10,22K,UPI,Jewelry Shop,2,69871,5,132754.9
600,2025-07-11,2025,7,Rajasthan,Udaipur,None,Female,36-45,Silver,Bar,5,18K,UPI,Online,2,75005,5,142509.5
601,2026-12-30,2026,12,Gujarat,Surat,Wedding Season,Male,46-60,Silver,Jewelry,20,18K,Debit Card,Mall Store,1,75016,5,71265.2
602,2021-05-12,2021,5,Karnataka,Bangalore,None,Female,18-25,Gold,Jewelry,10,24K,Debit Card,Jewelry Shop,3,56873,7,158675.67
603,2021-08-24,2021,8,Gujarat,Ahmedabad,Akshaya Tritiya,Male,26-35,Silver,Coin,50,22K,Cash,Online,3,87336,0,262008.0
604,2023-04-26,2023,4,Gujarat,Vadodara,Dhanteras,Male,36-45,Silver,Coin,50,24K,Credit Card,Mall Store,3,80857,0,242571.0
605,2025-12-31,2025,12,Gujarat,Vadodara,Diwali,Female,60+,Silver,Jewelry,20,18K,Debit Card,Jewelry Shop,1,72193,0,72193.0
606,2024-05-03,2024,5,Delhi,New Delhi,Wedding Season,Male,46-60,Gold,Jewelry,10,18K,Debit Card,Jewelry Shop,3,64274,5,183180.9
607,2022-10-09,2022,10,Delhi,New Delhi,Akshaya Tritiya,Female,18-25,Gold,Bar,10,22K,Debit Card,Mall Store,3,66858,0,200574.0
608,2026-01-22,2026,1,Maharashtra,Nagpur,Dhanteras,Female,26-35,Gold,Bar,5,22K,UPI,Online,3,58806,3,171125.46
609,2025-06-13,2025,6,Uttar Pradesh,Agra,Diwali,Male,36-45,Silver,Jewelry,10,22K,Debit Card,Jewelry Shop,2,76081,5,144553.9
610,2025-11-28,2025,11,Delhi,New Delhi,Dhanteras,Female,36-45,Gold,Jewelry,10,24K,UPI,Online,3,75815,2,222896.1
611,2024-01-25,2024,1,Karnataka,Bangalore,Dhanteras,Female,36-45,Silver,Jewelry,10,18K,UPI,Mall Store,1,73068,0,73068.0
612,2022-02-26,2022,2,Tamil Nadu,Chennai,Wedding Season,Female,46-60,Silver,Jewelry,5,24K,Debit Card,Online,1,90081,7,83775.33
613,2021-04-25,2021,4,Gujarat,Surat,Diwali,Female,26-35,Gold,Bar,5,24K,UPI,Mall Store,1,62007,0,62007.0
614,2024-09-01,2024,9,Gujarat,Vadodara,Akshaya Tritiya,Male,60+,Gold,Jewelry,50,22K,UPI,Online,2,54324,7,101042.64
615,2024-07-19,2024,7,Gujarat,Ahmedabad,Diwali,Female,26-35,Silver,Coin,10,24K,Credit Card,Mall Store,1,75890,0,75890.0
616,2026-08-09,2026,8,Tamil Nadu,Coimbatore,Diwali,Male,36-45,Gold,Jewelry,20,18K,Debit Card,Mall Store,1,56676,5,53842.2
617,2026-05-29,2026,5,Rajasthan,Jaipur,Diwali,Female,18-25,Silver,Bar,50,22K,Cash,Mall Store,3,73203,3,213020.73
618,2023-08-27,2023,8,Tamil Nadu,Chennai,None,Female,26-35,Gold,Bar,5,24K,Cash,Jewelry Shop,3,55225,0,165675.0
619,2021-06-05,2021,6,Delhi,New Delhi,Dhanteras,Female,36-45,Gold,Jewelry,20,22K,UPI,Mall Store,2,62228,2,121966.88
620,2024-11-04,2024,11,Rajasthan,Udaipur,Dhanteras,Male,60+,Silver,Jewelry,10,18K,Cash,Mall Store,1,89307,2,87520.86
621,2026-07-07,2026,7,Rajasthan,Udaipur,Diwali,Male,18-25,Silver,Bar,10,24K,Cash,Online,2,68543,0,137086.0
622,2026-03-29,2026,3,Gujarat,Vadodara,Akshaya Tritiya,Male,26-35,Gold,Jewelry,50,24K,Cash,Jewelry Shop,3,63234,0,189702.0
623,2021-11-24,2021,11,Karnataka,Mangalore,Akshaya Tritiya,Female,46-60,Silver,Jewelry,50,22K,Debit Card,Mall Store,1,86768,3,84164.96
624,2021-12-07,2021,12,Tamil Nadu,Coimbatore,Akshaya Tritiya,Male,60+,Gold,Bar,10,22K,Debit Card,Jewelry Shop,1,71295,5,67730.25
625,2021-10-22,2021,10,Karnataka,Mysore,Akshaya Tritiya,Male,46-60,Silver,Jewelry,10,24K,UPI,Online,3,78231,7,218264.49
626,2025-04-23,2025,4,Rajasthan,Udaipur,Wedding Season,Female,60+,Silver,Jewelry,50,24K,UPI,Jewelry Shop,2,78312,5,148792.8
627,2026-06-25,2026,6,Tamil Nadu,Chennai,None,Female,18-25,Gold,Bar,50,22K,Cash,Online,2,70470,3,136711.8
628,2022-08-29,2022,8,Delhi,New Delhi,Akshaya Tritiya,Female,26-35,Silver,Coin,10,18K,Cash,Online,3,88388,0,265164.0
629,2026-10-25,2026,10,Maharashtra,Pune,Dhanteras,Female,26-35,Silver,Coin,20,18K,Credit Card,Mall Store,3,75688,7,211169.52
630,2024-11-11,2024,11,Tamil Nadu,Coimbatore,Dhanteras,Female,26-35,Silver,Bar,50,18K,Credit Card,Online,2,86944,0,173888.0
631,2025-09-04,2025,9,Gujarat,Surat,None,Female,46-60,Gold,Jewelry,10,22K,Cash,Mall Store,1,59474,5,56500.3
632,2023-05-21,2023,5,Gujarat,Ahmedabad,Dhanteras,Male,18-25,Silver,Bar,10,24K,Credit Card,Jewelry Shop,3,71654,0,214962.0
633,2022-05-26,2022,5,Delhi,New Delhi,Akshaya Tritiya,Male,36-45,Gold,Jewelry,10,22K,Debit Card,Mall Store,2,57709,0,115418.0
634,2021-06-21,2021,6,Rajasthan,Jaipur,Diwali,Male,60+,Gold,Jewelry,50,18K,Credit Card,Jewelry Shop,2,59450,0,118900.0
635,2023-09-09,2023,9,Delhi,New Delhi,Akshaya Tritiya,Female,46-60,Silver,Bar,5,22K,Credit Card,Online,2,75610,3,146683.4
636,2022-05-19,2022,5,Maharashtra,Nashik,Holi,Female,26-35,Silver,Coin,50,18K,Debit Card,Mall Store,1,90694,0,90694.0
637,2024-08-26,2024,8,Delhi,New Delhi,None,Female,26-35,Gold,Bar,50,22K,UPI,Jewelry Shop,1,62931,3,61043.07
638,2022-08-10,2022,8,Delhi,New Delhi,Holi,Male,26-35,Gold,Coin,5,22K,Debit Card,Online,2,66209,7,123148.74
639,2023-05-17,2023,5,Delhi,New Delhi,Dhanteras,Male,18-25,Silver,Coin,5,24K,Credit Card,Jewelry Shop,3,85706,2,251975.64
640,2022-05-20,2022,5,Rajasthan,Udaipur,None,Male,60+,Gold,Bar,50,24K,Credit Card,Online,3,65934,5,187911.9
641,2025-11-25,2025,11,Tamil Nadu,Chennai,Dhanteras,Male,36-45,Silver,Jewelry,20,24K,UPI,Online,3,79709,5,227170.65
642,2024-07-07,2024,7,Karnataka,Mangalore,Wedding Season,Male,36-45,Gold,Jewelry,10,22K,Debit Card,Jewelry Shop,3,56847,3,165424.77
643,2023-06-29,2023,6,Rajasthan,Udaipur,Diwali,Female,18-25,Gold,Bar,50,22K,Cash,Jewelry Shop,3,73870,7,206097.3
644,2024-03-06,2024,3,Rajasthan,Jaipur,Dhanteras,Male,60+,Silver,Coin,20,18K,UPI,Jewelry Shop,2,89208,2,174847.68
645,2024-09-26,2024,9,Rajasthan,Udaipur,Dhanteras,Male,26-35,Gold,Bar,5,24K,Debit Card,Mall Store,2,68701,5,130531.9
646,2025-09-27,2025,9,Delhi,New Delhi,None,Female,36-45,Gold,Coin,50,24K,Credit Card,Jewelry Shop,3,55470,5,158089.5
647,2021-08-10,2021,8,Uttar Pradesh,Lucknow,None,Female,46-60,Silver,Bar,10,18K,Cash,Jewelry Shop,1,69942,3,67843.74
648,2021-02-07,2021,2,Uttar Pradesh,Kanpur,Akshaya Tritiya,Male,26-35,Silver,Coin,50,18K,Cash,Online,1,68347,2,66980.06
649,2024-10-18,2024,10,Maharashtra,Nagpur,Holi,Female,26-35,Silver,Bar,50,24K,UPI,Online,1,72108,0,72108.0
650,2025-03-18,2025,3,Gujarat,Surat,None,Male,46-60,Silver,Bar,50,22K,Debit Card,Jewelry Shop,3,73331,7,204593.49
651,2026-09-19,2026,9,Maharashtra,Pune,Dhanteras,Male,60+,Gold,Bar,50,22K,UPI,Mall Store,1,59961,5,56962.95
652,2022-05-28,2022,5,Gujarat,Surat,Diwali,Female,18-25,Silver,Bar,10,22K,UPI,Jewelry Shop,3,85566,5,243863.1
653,2022-05-24,2022,5,Tamil Nadu,Coimbatore,Dhanteras,Male,26-35,Gold,Bar,10,24K,Debit Card,Jewelry Shop,3,74850,7,208831.5
654,2023-11-18,2023,11,Maharashtra,Pune,Diwali,Male,18-25,Gold,Bar,20,22K,Cash,Jewelry Shop,1,71563,2,70131.74
655,2026-12-28,2026,12,Uttar Pradesh,Lucknow,Wedding Season,Male,60+,Gold,Coin,20,18K,Credit Card,Mall Store,1,64253,7,59755.29
656,2022-08-04,2022,8,Tamil Nadu,Chennai,Akshaya Tritiya,Male,26-35,Gold,Bar,10,18K,Credit Card,Jewelry Shop,1,55005,0,55005.0
657,2025-04-13,2025,4,Gujarat,Vadodara,None,Male,46-60,Silver,Coin,5,22K,Debit Card,Mall Store,3,66571,3,193721.61
658,2023-03-01,2023,3,Gujarat,Vadodara,None,Female,60+,Gold,Bar,10,22K,Cash,Jewelry Shop,3,59498,3,173139.18
659,2024-01-12,2024,1,Rajasthan,Udaipur,Diwali,Male,60+,Silver,Coin,5,22K,UPI,Jewelry Shop,3,63484,2,186642.96
660,2025-03-25,2025,3,Karnataka,Mysore,Dhanteras,Female,18-25,Gold,Jewelry,10,18K,Credit Card,Mall Store,2,60199,0,120398.0
661,2024-01-16,2024,1,Rajasthan,Udaipur,Holi,Male,18-25,Gold,Jewelry,20,22K,Cash,Jewelry Shop,2,71642,7,133254.12
662,2026-10-05,2026,10,Rajasthan,Udaipur,None,Male,26-35,Silver,Jewelry,50,18K,Credit Card,Online,1,81485,3,79040.45
663,2026-02-19,2026,2,Uttar Pradesh,Agra,Dhanteras,Female,36-45,Silver,Coin,20,22K,Debit Card,Mall Store,1,88609,7,82406.37
664,2024-07-04,2024,7,Uttar Pradesh,Lucknow,Diwali,Male,18-25,Silver,Bar,10,24K,Cash,Mall Store,1,86158,3,83573.26
665,2026-09-15,2026,9,Maharashtra,Pune,None,Male,46-60,Silver,Coin,5,22K,UPI,Mall Store,2,83631,0,167262.0
666,2023-09-28,2023,9,Gujarat,Vadodara,None,Male,60+,Gold,Coin,10,18K,Cash,Online,3,68751,7,191815.29
667,2026-07-23,2026,7,Maharashtra,Nagpur,Wedding Season,Male,36-45,Gold,Jewelry,20,18K,Cash,Mall Store,2,72294,0,144588.0
668,2023-05-23,2023,5,Rajasthan,Jaipur,Diwali,Female,26-35,Silver,Coin,5,22K,Debit Card,Online,2,73971,3,143503.74
669,2021-01-22,2021,1,Karnataka,Bangalore,Akshaya Tritiya,Male,46-60,Silver,Coin,5,24K,Debit Card,Jewelry Shop,2,73642,3,142865.48
670,2022-09-30,2022,9,Gujarat,Ahmedabad,None,Female,26-35,Gold,Coin,50,22K,Credit Card,Jewelry Shop,1,65514,5,62238.3
671,2022-07-27,2022,7,Delhi,New Delhi,Akshaya Tritiya,Female,18-25,Silver,Coin,10,24K,Cash,Jewelry Shop,2,66886,5,127083.4
672,2022-10-19,2022,10,Maharashtra,Mumbai,None,Male,46-60,Silver,Bar,20,24K,Debit Card,Jewelry Shop,3,76055,3,221320.05
673,2025-05-12,2025,5,Tamil Nadu,Coimbatore,Dhanteras,Male,18-25,Gold,Jewelry,10,24K,Credit Card,Mall Store,2,68592,7,127581.12
674,2025-11-15,2025,11,Maharashtra,Mumbai,Wedding Season,Female,36-45,Gold,Coin,5,22K,Cash,Mall Store,2,63276,7,117693.36
675,2023-10-11,2023,10,Gujarat,Vadodara,None,Female,26-35,Gold,Coin,5,18K,Cash,Online,2,62332,0,124664.0
676,2024-01-27,2024,1,Rajasthan,Jaipur,Dhanteras,Male,46-60,Gold,Jewelry,10,24K,UPI,Jewelry Shop,1,56261,5,53447.95
677,2021-09-09,2021,9,Delhi,New Delhi,Holi,Female,18-25,Gold,Coin,5,22K,Credit Card,Jewelry Shop,2,63192,5,120064.8
678,2021-06-17,2021,6,Karnataka,Mangalore,Diwali,Male,36-45,Silver,Jewelry,20,22K,Credit Card,Mall Store,2,71580,0,143160.0
679,2024-05-31,2024,5,Maharashtra,Nashik,Diwali,Male,18-25,Gold,Bar,10,22K,Credit Card,Mall Store,2,63004,3,122227.76
680,2025-04-23,2025,4,Rajasthan,Udaipur,Diwali,Male,26-35,Silver,Bar,5,24K,Cash,Online,3,71527,3,208143.57
681,2024-05-19,2024,5,Uttar Pradesh,Kanpur,None,Female,26-35,Gold,Bar,10,24K,Cash,Online,3,57262,7,159760.98
682,2021-10-05,2021,10,Delhi,New Delhi,Wedding Season,Female,60+,Silver,Bar,5,24K,Credit Card,Mall Store,2,77565,0,155130.0
683,2026-07-21,2026,7,Gujarat,Surat,None,Male,26-35,Gold,Coin,50,18K,Debit Card,Jewelry Shop,1,73808,2,72331.84
684,2023-06-12,2023,6,Tamil Nadu,Coimbatore,Holi,Male,60+,Gold,Coin,20,22K,Cash,Jewelry Shop,1,62715,2,61460.7
685,2023-09-03,2023,9,Uttar Pradesh,Kanpur,Akshaya Tritiya,Male,26-35,Gold,Coin,10,22K,UPI,Mall Store,1,61976,0,61976.0
686,2025-02-20,2025,2,Gujarat,Ahmedabad,Akshaya Tritiya,Male,60+,Gold,Coin,10,22K,Credit Card,Jewelry Shop,3,57227,3,166530.57
687,2023-11-15,2023,11,Maharashtra,Pune,Diwali,Male,46-60,Silver,Bar,20,18K,Cash,Jewelry Shop,3,70632,3,205539.12
688,2026-01-02,2026,1,Gujarat,Surat,Dhanteras,Female,36-45,Silver,Jewelry,50,24K,Debit Card,Online,3,69957,5,199377.45
689,2023-01-09,2023,1,Delhi,New Delhi,None,Female,18-25,Gold,Coin,10,24K,Debit Card,Mall Store,3,64163,5,182864.55
690,2026-02-07,2026,2,Tamil Nadu,Chennai,None,Female,18-25,Gold,Bar,10,18K,UPI,Mall Store,1,58711,5,55775.45
691,2021-06-29,2021,6,Maharashtra,Nashik,Dhanteras,Male,18-25,Silver,Coin,10,18K,UPI,Online,1,67957,0,67957.0
692,2026-05-22,2026,5,Rajasthan,Jaipur,Holi,Female,26-35,Silver,Coin,20,22K,Cash,Online,1,86321,2,84594.58
693,2024-04-30,2024,4,Maharashtra,Nagpur,Diwali,Female,26-35,Gold,Jewelry,10,24K,Cash,Jewelry Shop,1,57155,0,57155.0
694,2025-04-25,2025,4,Delhi,New Delhi,None,Male,46-60,Silver,Jewelry,5,24K,UPI,Jewelry Shop,2,89080,2,174596.8
695,2022-09-11,2022,9,Karnataka,Bangalore,Dhanteras,Female,60+,Silver,Coin,10,18K,Debit Card,Online,2,66233,0,132466.0
696,2024-01-16,2024,1,Uttar Pradesh,Agra,Wedding Season,Female,36-45,Silver,Bar,5,24K,Cash,Mall Store,2,83323,3,161646.62
697,2022-04-09,2022,4,Gujarat,Surat,Holi,Female,36-45,Gold,Jewelry,5,22K,Cash,Online,2,65350,5,124165.0
698,2025-08-23,2025,8,Rajasthan,Udaipur,Holi,Female,26-35,Silver,Bar,10,22K,Debit Card,Mall Store,2,76405,5,145169.5
699,2025-09-24,2025,9,Delhi,New Delhi,Holi,Male,18-25,Gold,Jewelry,20,24K,Cash,Online,1,70459,7,65526.87
700,2025-01-18,2025,1,Karnataka,Mangalore,Dhanteras,Female,46-60,Silver,Jewelry,50,24K,Cash,Online,1,69238,0,69238.0
701,2025-10-06,2025,10,Maharashtra,Mumbai,Akshaya Tritiya,Male,18-25,Gold,Bar,5,22K,Cash,Online,2,62390,0,124780.0
702,2025-09-02,2025,9,Gujarat,Surat,Dhanteras,Male,46-60,Gold,Bar,10,18K,Credit Card,Jewelry Shop,1,54690,0,54690.0
703,2022-04-01,2022,4,Delhi,New Delhi,Dhanteras,Male,18-25,Silver,Bar,10,18K,Cash,Online,3,85479,0,256437.0
704,2026-08-18,2026,8,Delhi,New Delhi,Akshaya Tritiya,Male,46-60,Silver,Jewelry,20,24K,Debit Card,Online,3,84844,3,246896.04
705,2023-01-23,2023,1,Uttar Pradesh,Lucknow,None,Male,46-60,Silver,Coin,20,18K,Debit Card,Jewelry Shop,1,85497,2,83787.06
706,2022-03-21,2022,3,Gujarat,Ahmedabad,Diwali,Male,36-45,Silver,Bar,20,24K,Cash,Jewelry Shop,2,85400,2,167384.0
707,2024-06-20,2024,6,Gujarat,Vadodara,Dhanteras,Male,18-25,Gold,Jewelry,20,24K,UPI,Mall Store,1,54229,7,50432.97
708,2021-02-04,2021,2,Rajasthan,Udaipur,Akshaya Tritiya,Female,46-60,Gold,Bar,10,22K,Debit Card,Mall Store,2,56102,0,112204.0
709,2026-08-19,2026,8,Karnataka,Bangalore,Dhanteras,Male,60+,Gold,Coin,50,18K,UPI,Jewelry Shop,2,63683,7,118450.38
710,2023-08-07,2023,8,Gujarat,Ahmedabad,Dhanteras,Male,26-35,Silver,Bar,20,22K,Cash,Jewelry Shop,3,70465,0,211395.0
711,2023-05-06,2023,5,Karnataka,Mysore,Holi,Male,26-35,Silver,Bar,50,24K,UPI,Online,3,65269,5,186016.65
712,2022-11-27,2022,11,Rajasthan,Udaipur,Akshaya Tritiya,Male,18-25,Gold,Coin,20,22K,UPI,Online,1,70917,5,67371.15
713,2022-07-30,2022,7,Gujarat,Vadodara,Diwali,Female,18-25,Silver,Coin,20,22K,Debit Card,Mall Store,2,74073,3,143701.62
714,2025-03-11,2025,3,Uttar Pradesh,Lucknow,Diwali,Female,60+,Silver,Coin,20,18K,UPI,Mall Store,3,76586,7,213674.94
715,2024-04-05,2024,4,Uttar Pradesh,Lucknow,Wedding Season,Male,60+,Gold,Coin,5,24K,Debit Card,Jewelry Shop,1,71238,2,69813.24
716,2022-03-23,2022,3,Uttar Pradesh,Lucknow,Diwali,Male,18-25,Silver,Coin,50,24K,Debit Card,Jewelry Shop,2,81073,7,150795.78
717,2026-05-05,2026,5,Maharashtra,Nagpur,Diwali,Female,46-60,Silver,Jewelry,10,22K,Cash,Mall Store,2,87556,2,171609.76
718,2025-10-28,2025,10,Gujarat,Surat,Wedding Season,Male,18-25,Gold,Jewelry,5,18K,Debit Card,Jewelry Shop,2,74657,0,149314.0
719,2025-07-18,2025,7,Karnataka,Mangalore,Diwali,Female,46-60,Gold,Coin,10,18K,Credit Card,Online,1,56982,0,56982.0
720,2023-03-25,2023,3,Rajasthan,Jaipur,Akshaya Tritiya,Female,46-60,Gold,Coin,10,18K,Debit Card,Jewelry Shop,2,67389,3,130734.66
721,2021-11-15,2021,11,Uttar Pradesh,Agra,None,Male,36-45,Silver,Bar,20,24K,Cash,Jewelry Shop,3,63951,7,178423.29
722,2026-11-03,2026,11,Gujarat,Surat,None,Male,46-60,Silver,Jewelry,50,18K,UPI,Online,3,67874,5,193440.9
723,2025-03-27,2025,3,Gujarat,Vadodara,Dhanteras,Female,26-35,Gold,Jewelry,5,22K,Credit Card,Online,3,67128,7,187287.12
724,2025-08-08,2025,8,Karnataka,Mysore,Akshaya Tritiya,Female,60+,Gold,Coin,20,24K,Cash,Jewelry Shop,3,71746,5,204476.1
725,2025-11-21,2025,11,Delhi,New Delhi,Wedding Season,Female,46-60,Gold,Bar,20,18K,UPI,Online,3,74558,2,219200.52
726,2026-07-27,2026,7,Rajasthan,Jaipur,None,Male,46-60,Gold,Bar,5,18K,Credit Card,Jewelry Shop,3,53387,5,152152.95
727,2026-04-08,2026,4,Gujarat,Ahmedabad,Diwali,Female,46-60,Silver,Coin,50,24K,Credit Card,Online,2,81676,0,163352.0
728,2023-09-17,2023,9,Tamil Nadu,Coimbatore,Diwali,Female,18-25,Silver,Jewelry,5,24K,Credit Card,Mall Store,2,86980,3,168741.2
729,2025-05-23,2025,5,Rajasthan,Udaipur,Dhanteras,Female,18-25,Silver,Bar,50,24K,Debit Card,Mall Store,3,69565,5,198260.25
730,2022-02-12,2022,2,Gujarat,Surat,None,Male,60+,Silver,Jewelry,50,18K,Credit Card,Mall Store,1,80842,5,76799.9
731,2021-02-17,2021,2,Gujarat,Surat,None,Male,18-25,Gold,Bar,5,18K,Debit Card,Online,1,58638,0,58638.0
732,2023-09-09,2023,9,Uttar Pradesh,Agra,None,Male,36-45,Gold,Jewelry,10,18K,Debit Card,Jewelry Shop,3,68395,3,199029.45
733,2022-02-28,2022,2,Uttar Pradesh,Lucknow,Diwali,Female,60+,Silver,Jewelry,5,24K,Credit Card,Jewelry Shop,1,69947,0,69947.0
734,2022-02-17,2022,2,Gujarat,Ahmedabad,Wedding Season,Male,46-60,Gold,Jewelry,50,18K,UPI,Online,2,71396,2,139936.16
735,2023-01-07,2023,1,Uttar Pradesh,Kanpur,Akshaya Tritiya,Male,26-35,Silver,Bar,5,24K,Credit Card,Jewelry Shop,3,73594,5,209742.9
736,2023-03-01,2023,3,Delhi,New Delhi,Holi,Male,60+,Gold,Jewelry,10,24K,Credit Card,Online,3,70092,3,203967.72
737,2022-06-03,2022,6,Gujarat,Ahmedabad,Akshaya Tritiya,Female,46-60,Silver,Jewelry,5,22K,Credit Card,Jewelry Shop,1,72501,0,72501.0
738,2022-12-10,2022,12,Uttar Pradesh,Kanpur,Dhanteras,Female,46-60,Silver,Jewelry,20,24K,Cash,Mall Store,2,80846,2,158458.16
739,2022-03-17,2022,3,Delhi,New Delhi,Holi,Female,46-60,Silver,Jewelry,20,22K,UPI,Jewelry Shop,3,78496,3,228423.36
740,2026-12-13,2026,12,Gujarat,Ahmedabad,Akshaya Tritiya,Female,18-25,Silver,Jewelry,10,22K,Debit Card,Online,2,86177,3,167183.38
741,2022-08-18,2022,8,Karnataka,Bangalore,Akshaya Tritiya,Male,18-25,Gold,Coin,5,18K,Credit Card,Online,3,62098,3,180705.18
742,2023-05-20,2023,5,Delhi,New Delhi,Holi,Male,18-25,Gold,Bar,20,18K,UPI,Mall Store,1,72726,5,69089.7
743,2021-07-23,2021,7,Uttar Pradesh,Kanpur,Wedding Season,Female,18-25,Silver,Coin,50,24K,UPI,Jewelry Shop,2,74027,2,145092.92
744,2021-03-29,2021,3,Gujarat,Vadodara,Akshaya Tritiya,Male,60+,Silver,Jewelry,50,22K,Cash,Jewelry Shop,2,86092,2,168740.32
745,2022-01-25,2022,1,Maharashtra,Pune,Wedding Season,Female,36-45,Silver,Coin,20,22K,UPI,Mall Store,1,86977,0,86977.0
746,2026-02-05,2026,2,Rajasthan,Udaipur,Wedding Season,Male,36-45,Silver,Bar,5,24K,Cash,Online,1,84508,5,80282.6
747,2022-11-29,2022,11,Rajasthan,Jaipur,Diwali,Male,36-45,Gold,Bar,5,18K,UPI,Jewelry Shop,2,57299,5,108868.1
748,2024-09-10,2024,9,Rajasthan,Jaipur,None,Female,36-45,Gold,Bar,10,24K,Debit Card,Online,2,55732,0,111464.0
749,2022-05-17,2022,5,Gujarat,Surat,Holi,Male,60+,Gold,Coin,50,22K,Credit Card,Mall Store,2,76614,5,145566.6
750,2023-09-20,2023,9,Delhi,New Delhi,None,Male,18-25,Gold,Jewelry,50,24K,Cash,Online,2,63535,0,127070.0
751,2024-10-26,2024,10,Uttar Pradesh,Lucknow,Dhanteras,Female,36-45,Silver,Bar,50,18K,Cash,Mall Store,1,75473,5,71699.35
752,2026-10-05,2026,10,Maharashtra,Mumbai,Dhanteras,Female,26-35,Gold,Jewelry,20,22K,Cash,Mall Store,2,68997,5,131094.3
753,2023-09-13,2023,9,Karnataka,Mangalore,Diwali,Female,26-35,Gold,Coin,5,22K,Debit Card,Jewelry Shop,2,57728,0,115456.0
754,2025-06-14,2025,6,Karnataka,Bangalore,Holi,Female,60+,Gold,Coin,5,22K,Credit Card,Jewelry Shop,2,64846,2,127098.16
755,2023-02-15,2023,2,Maharashtra,Pune,Wedding Season,Male,60+,Silver,Coin,50,18K,Debit Card,Online,2,88394,2,173252.24
756,2021-05-27,2021,5,Uttar Pradesh,Lucknow,Holi,Female,26-35,Gold,Jewelry,5,22K,Cash,Mall Store,1,56074,0,56074.0
757,2024-01-04,2024,1,Uttar Pradesh,Agra,Wedding Season,Male,26-35,Silver,Jewelry,20,18K,Credit Card,Mall Store,2,76643,0,153286.0
758,2026-05-07,2026,5,Tamil Nadu,Coimbatore,None,Female,26-35,Gold,Jewelry,20,18K,UPI,Online,1,60826,7,56568.18
759,2024-09-30,2024,9,Gujarat,Surat,Diwali,Male,36-45,Silver,Jewelry,10,18K,UPI,Mall Store,1,70152,5,66644.4
760,2021-07-05,2021,7,Karnataka,Mysore,Diwali,Female,26-35,Gold,Bar,10,24K,UPI,Online,1,68896,5,65451.2
761,2023-11-21,2023,11,Karnataka,Mangalore,None,Female,36-45,Silver,Coin,50,24K,Credit Card,Jewelry Shop,2,81301,3,157723.94
762,2021-03-26,2021,3,Uttar Pradesh,Kanpur,Dhanteras,Female,26-35,Silver,Bar,10,22K,Debit Card,Online,2,71659,7,133285.74
763,2025-03-28,2025,3,Gujarat,Vadodara,None,Male,36-45,Silver,Bar,50,18K,Cash,Jewelry Shop,1,75364,0,75364.0
764,2024-06-20,2024,6,Uttar Pradesh,Kanpur,Dhanteras,Male,60+,Silver,Bar,20,18K,UPI,Jewelry Shop,3,77076,5,219666.6
765,2022-08-26,2022,8,Rajasthan,Udaipur,Wedding Season,Male,60+,Silver,Coin,10,22K,Debit Card,Jewelry Shop,1,75537,0,75537.0
766,2022-05-21,2022,5,Maharashtra,Nagpur,Diwali,Female,36-45,Gold,Jewelry,50,22K,UPI,Online,1,69190,2,67806.2
767,2021-12-19,2021,12,Karnataka,Bangalore,None,Female,26-35,Silver,Bar,10,22K,UPI,Jewelry Shop,3,72552,7,202420.08
768,2025-06-23,2025,6,Gujarat,Ahmedabad,Diwali,Female,36-45,Silver,Bar,20,24K,Debit Card,Mall Store,1,77081,5,73226.95
769,2023-03-29,2023,3,Karnataka,Mangalore,Akshaya Tritiya,Female,18-25,Gold,Coin,50,18K,Cash,Jewelry Shop,2,61947,2,121416.12
770,2024-07-07,2024,7,Rajasthan,Udaipur,Holi,Female,46-60,Gold,Coin,50,22K,Debit Card,Jewelry Shop,3,62227,5,177346.95
771,2024-05-23,2024,5,Delhi,New Delhi,Dhanteras,Female,26-35,Gold,Bar,20,24K,Debit Card,Online,1,70831,2,69414.38
772,2021-08-13,2021,8,Delhi,New Delhi,Akshaya Tritiya,Male,36-45,Silver,Bar,5,22K,Debit Card,Mall Store,2,79667,0,159334.0
773,2021-08-06,2021,8,Karnataka,Bangalore,None,Male,60+,Gold,Jewelry,50,24K,Cash,Mall Store,3,77029,7,214910.91
774,2023-04-03,2023,4,Uttar Pradesh,Lucknow,Diwali,Male,18-25,Silver,Jewelry,5,18K,UPI,Online,2,86558,0,173116.0
775,2021-08-16,2021,8,Gujarat,Ahmedabad,Diwali,Female,46-60,Silver,Coin,10,24K,Credit Card,Mall Store,3,66007,5,188119.95
776,2022-08-04,2022,8,Uttar Pradesh,Kanpur,None,Male,26-35,Gold,Bar,10,22K,Debit Card,Jewelry Shop,1,67680,0,67680.0
777,2024-02-02,2024,2,Karnataka,Mangalore,Wedding Season,Female,18-25,Gold,Coin,50,22K,Cash,Online,2,76761,3,148916.34
778,2024-05-25,2024,5,Karnataka,Mysore,Diwali,Female,18-25,Gold,Coin,10,22K,Debit Card,Jewelry Shop,2,75243,0,150486.0
779,2026-11-21,2026,11,Maharashtra,Mumbai,Wedding Season,Male,26-35,Silver,Bar,10,22K,Credit Card,Jewelry Shop,3,81261,2,238907.34
780,2021-10-07,2021,10,Uttar Pradesh,Lucknow,None,Female,46-60,Silver,Coin,10,18K,Credit Card,Online,3,90216,3,262528.56
781,2021-07-04,2021,7,Uttar Pradesh,Kanpur,Diwali,Male,26-35,Silver,Jewelry,5,22K,Debit Card,Jewelry Shop,3,81705,5,232859.25
782,2021-09-21,2021,9,Rajasthan,Jaipur,Diwali,Female,18-25,Gold,Jewelry,5,22K,Credit Card,Mall Store,1,58895,5,55950.25
783,2022-06-30,2022,6,Uttar Pradesh,Lucknow,None,Male,26-35,Gold,Coin,50,22K,Credit Card,Online,1,65616,5,62335.2
784,2021-04-10,2021,4,Gujarat,Vadodara,None,Male,26-35,Gold,Jewelry,10,24K,Credit Card,Jewelry Shop,3,66927,2,196765.38
785,2023-02-18,2023,2,Tamil Nadu,Chennai,Dhanteras,Female,60+,Silver,Coin,20,18K,Cash,Online,3,72136,7,201259.44
786,2026-10-20,2026,10,Delhi,New Delhi,Akshaya Tritiya,Male,18-25,Silver,Coin,10,24K,Credit Card,Online,3,65363,0,196089.0
787,2022-10-09,2022,10,Gujarat,Surat,Akshaya Tritiya,Male,60+,Silver,Bar,10,18K,Credit Card,Jewelry Shop,3,75349,3,219265.59
788,2021-05-03,2021,5,Tamil Nadu,Chennai,Diwali,Female,46-60,Gold,Coin,10,22K,UPI,Online,2,76447,3,148307.18
789,2026-07-15,2026,7,Gujarat,Vadodara,Diwali,Male,36-45,Silver,Jewelry,50,18K,UPI,Mall Store,3,88746,0,266238.0
790,2026-07-28,2026,7,Delhi,New Delhi,Holi,Male,36-45,Silver,Coin,50,22K,Cash,Online,1,85993,0,85993.0
791,2021-03-16,2021,3,Maharashtra,Pune,Holi,Female,18-25,Gold,Coin,50,18K,Cash,Jewelry Shop,3,75090,5,214006.5
792,2025-02-15,2025,2,Uttar Pradesh,Kanpur,Akshaya Tritiya,Male,36-45,Gold,Coin,5,24K,Cash,Online,2,60830,0,121660.0
793,2021-07-07,2021,7,Tamil Nadu,Chennai,Diwali,Male,18-25,Gold,Jewelry,5,24K,Debit Card,Online,3,70188,7,195824.52
794,2022-06-16,2022,6,Karnataka,Bangalore,Holi,Female,46-60,Silver,Bar,5,18K,UPI,Online,3,75852,2,223004.88
795,2025-12-22,2025,12,Karnataka,Mangalore,None,Female,36-45,Gold,Bar,20,18K,Cash,Mall Store,3,70021,3,203761.11
796,2026-06-15,2026,6,Karnataka,Mysore,Akshaya Tritiya,Male,26-35,Gold,Jewelry,10,22K,Cash,Online,2,59548,5,113141.2
797,2026-02-02,2026,2,Karnataka,Mangalore,Diwali,Male,46-60,Gold,Jewelry,20,22K,Debit Card,Jewelry Shop,1,58499,5,55574.05
798,2021-03-19,2021,3,Rajasthan,Jaipur,Wedding Season,Female,46-60,Gold,Jewelry,10,24K,Debit Card,Online,3,65202,5,185825.7
799,2021-04-17,2021,4,Uttar Pradesh,Kanpur,Holi,Female,36-45,Gold,Bar,10,24K,Credit Card,Mall Store,1,64848,7,60308.64
800,2025-05-09,2025,5,Rajasthan,Udaipur,None,Female,60+,Silver,Coin,50,18K,Credit Card,Online,3,86789,0,260367.0
801,2024-01-29,2024,1,Delhi,New Delhi,Diwali,Male,60+,Gold,Coin,20,18K,Debit Card,Online,1,61912,3,60054.64
802,2021-02-20,2021,2,Tamil Nadu,Coimbatore,Diwali,Female,60+,Silver,Bar,20,22K,Cash,Jewelry Shop,3,76155,3,221611.05
803,2026-05-21,2026,5,Delhi,New Delhi,None,Male,46-60,Silver,Jewelry,5,22K,Credit Card,Online,2,65228,0,130456.0
804,2023-07-21,2023,7,Delhi,New Delhi,None,Male,26-35,Silver,Bar,5,24K,UPI,Mall Store,2,72090,5,136971.0
805,2023-07-23,2023,7,Maharashtra,Mumbai,Diwali,Female,36-45,Silver,Jewelry,20,18K,UPI,Mall Store,2,85534,0,171068.0
806,2026-09-25,2026,9,Gujarat,Surat,Diwali,Male,26-35,Gold,Coin,20,18K,Debit Card,Online,3,55465,5,158075.25
807,2025-01-15,2025,1,Uttar Pradesh,Kanpur,Akshaya Tritiya,Female,36-45,Silver,Coin,20,18K,UPI,Online,1,71660,3,69510.2
808,2023-05-17,2023,5,Karnataka,Bangalore,Akshaya Tritiya,Female,26-35,Silver,Coin,5,18K,Cash,Jewelry Shop,3,67787,0,203361.0
809,2025-09-09,2025,9,Rajasthan,Jaipur,Holi,Male,60+,Gold,Jewelry,50,18K,Debit Card,Jewelry Shop,3,64064,7,178738.56
810,2023-08-04,2023,8,Karnataka,Bangalore,Wedding Season,Female,18-25,Silver,Bar,10,22K,Debit Card,Jewelry Shop,2,72961,2,143003.56
811,2023-08-02,2023,8,Maharashtra,Nagpur,Wedding Season,Female,26-35,Gold,Bar,10,18K,Cash,Jewelry Shop,3,68828,5,196159.8
812,2024-07-09,2024,7,Uttar Pradesh,Agra,Diwali,Male,46-60,Gold,Coin,10,18K,Debit Card,Mall Store,2,74640,3,144801.6
813,2025-09-11,2025,9,Rajasthan,Jaipur,Akshaya Tritiya,Female,18-25,Gold,Jewelry,5,22K,UPI,Mall Store,1,67867,2,66509.66
814,2024-12-22,2024,12,Gujarat,Ahmedabad,Dhanteras,Female,60+,Gold,Jewelry,20,24K,Credit Card,Jewelry Shop,3,72331,5,206143.35
815,2025-08-02,2025,8,Tamil Nadu,Chennai,None,Female,46-60,Gold,Coin,50,18K,Cash,Mall Store,3,58093,3,169050.63
816,2025-02-24,2025,2,Gujarat,Vadodara,None,Female,46-60,Gold,Coin,50,24K,Credit Card,Online,1,61847,7,57517.71
817,2026-11-22,2026,11,Gujarat,Surat,Holi,Female,36-45,Silver,Coin,50,22K,Cash,Online,1,77417,7,71997.81
818,2024-07-11,2024,7,Maharashtra,Mumbai,Diwali,Female,36-45,Silver,Jewelry,5,22K,Credit Card,Jewelry Shop,2,84052,7,156336.72
819,2023-08-07,2023,8,Delhi,New Delhi,None,Female,26-35,Gold,Jewelry,10,18K,Cash,Online,2,62321,7,115917.06
820,2023-04-13,2023,4,Tamil Nadu,Chennai,Akshaya Tritiya,Female,46-60,Gold,Bar,10,22K,Credit Card,Online,2,55245,0,110490.0
821,2021-12-22,2021,12,Uttar Pradesh,Agra,Dhanteras,Female,18-25,Gold,Coin,5,18K,Cash,Mall Store,2,68716,5,130560.4
822,2026-10-02,2026,10,Maharashtra,Nagpur,None,Male,36-45,Gold,Jewelry,50,24K,Credit Card,Online,2,72329,3,140318.26
823,2023-06-21,2023,6,Rajasthan,Jaipur,None,Male,36-45,Gold,Coin,10,22K,Cash,Mall Store,1,63139,7,58719.27
824,2023-05-28,2023,5,Delhi,New Delhi,Diwali,Female,18-25,Gold,Coin,10,18K,Cash,Online,3,62735,0,188205.0
825,2024-11-29,2024,11,Delhi,New Delhi,Wedding Season,Male,36-45,Silver,Jewelry,20,18K,Debit Card,Jewelry Shop,3,87901,2,258428.94
826,2023-06-16,2023,6,Rajasthan,Udaipur,Diwali,Female,46-60,Silver,Coin,20,24K,Debit Card,Online,2,80596,3,156356.24
827,2025-06-19,2025,6,Gujarat,Surat,None,Male,46-60,Silver,Coin,50,18K,Cash,Online,1,89355,3,86674.35
828,2023-12-08,2023,12,Karnataka,Mysore,None,Female,46-60,Gold,Coin,50,22K,Debit Card,Jewelry Shop,1,68049,7,63285.57
829,2021-07-06,2021,7,Maharashtra,Nagpur,Akshaya Tritiya,Female,46-60,Silver,Jewelry,10,18K,Cash,Mall Store,1,91073,3,88340.81
830,2021-03-28,2021,3,Maharashtra,Nagpur,Wedding Season,Male,36-45,Gold,Coin,5,18K,UPI,Mall Store,3,77739,0,233217.0
831,2023-07-29,2023,7,Gujarat,Surat,Akshaya Tritiya,Male,36-45,Gold,Coin,50,24K,Cash,Online,3,63024,5,179618.4
832,2022-10-05,2022,10,Maharashtra,Pune,Akshaya Tritiya,Female,18-25,Gold,Jewelry,10,24K,Credit Card,Mall Store,2,68779,5,130680.1
833,2021-11-10,2021,11,Maharashtra,Nashik,Diwali,Female,18-25,Silver,Jewelry,10,24K,Debit Card,Online,3,66993,3,194949.63
834,2024-01-28,2024,1,Rajasthan,Udaipur,Wedding Season,Male,18-25,Silver,Coin,50,22K,Credit Card,Jewelry Shop,3,78406,0,235218.0
835,2026-12-25,2026,12,Maharashtra,Mumbai,Holi,Male,46-60,Silver,Jewelry,50,18K,Debit Card,Jewelry Shop,2,82711,5,157150.9
836,2023-08-09,2023,8,Rajasthan,Jaipur,Wedding Season,Female,46-60,Silver,Bar,5,18K,Credit Card,Jewelry Shop,3,72597,0,217791.0
837,2026-06-30,2026,6,Gujarat,Vadodara,Holi,Male,18-25,Gold,Jewelry,50,18K,Debit Card,Mall Store,3,56826,2,167068.44
838,2024-06-29,2024,6,Uttar Pradesh,Agra,None,Female,26-35,Gold,Jewelry,20,18K,Debit Card,Online,2,57304,3,111169.76
839,2024-07-06,2024,7,Karnataka,Mangalore,None,Male,36-45,Gold,Coin,50,18K,UPI,Online,2,74523,7,138612.78
840,2022-05-13,2022,5,Delhi,New Delhi,Dhanteras,Male,46-60,Silver,Jewelry,5,22K,Debit Card,Online,1,70429,2,69020.42
841,2025-06-24,2025,6,Uttar Pradesh,Agra,Diwali,Female,18-25,Silver,Coin,20,18K,Credit Card,Mall Store,3,70008,7,195322.32
842,2024-04-03,2024,4,Karnataka,Mangalore,Holi,Male,60+,Silver,Bar,20,18K,Credit Card,Jewelry Shop,3,81633,2,240001.02
843,2026-11-18,2026,11,Delhi,New Delhi,None,Female,18-25,Silver,Coin,50,24K,Cash,Jewelry Shop,3,87814,2,258173.16
844,2022-01-20,2022,1,Maharashtra,Pune,Holi,Female,36-45,Silver,Jewelry,5,18K,Debit Card,Mall Store,1,90670,2,88856.6
845,2021-02-27,2021,2,Gujarat,Ahmedabad,Dhanteras,Female,36-45,Silver,Coin,20,22K,Debit Card,Jewelry Shop,3,85676,2,251887.44
846,2023-06-06,2023,6,Tamil Nadu,Chennai,Akshaya Tritiya,Male,36-45,Gold,Bar,5,24K,Debit Card,Jewelry Shop,1,77404,0,77404.0
847,2023-06-06,2023,6,Tamil Nadu,Coimbatore,Diwali,Male,26-35,Silver,Jewelry,50,24K,Credit Card,Online,1,70757,0,70757.0
848,2024-05-24,2024,5,Maharashtra,Mumbai,Holi,Male,26-35,Silver,Bar,50,22K,Debit Card,Mall Store,3,78618,5,224061.3
849,2023-05-27,2023,5,Delhi,New Delhi,Dhanteras,Female,26-35,Silver,Coin,50,22K,Credit Card,Mall Store,2,79744,7,148323.84
850,2024-11-18,2024,11,Maharashtra,Nashik,None,Female,26-35,Silver,Bar,10,22K,Credit Card,Online,1,71651,3,69501.47
851,2021-01-23,2021,1,Uttar Pradesh,Lucknow,Holi,Female,36-45,Gold,Jewelry,20,22K,UPI,Mall Store,2,68082,7,126632.52
852,2023-11-03,2023,11,Karnataka,Bangalore,Akshaya Tritiya,Male,60+,Silver,Jewelry,50,18K,Debit Card,Jewelry Shop,2,83385,5,158431.5
853,2022-09-20,2022,9,Gujarat,Surat,None,Male,26-35,Gold,Jewelry,50,24K,UPI,Jewelry Shop,2,58272,0,116544.0
854,2023-03-07,2023,3,Uttar Pradesh,Agra,None,Male,36-45,Gold,Bar,20,18K,Cash,Mall Store,1,64569,7,60049.17
855,2023-03-02,2023,3,Uttar Pradesh,Kanpur,Holi,Male,36-45,Gold,Jewelry,10,22K,UPI,Jewelry Shop,2,65743,0,131486.0
856,2024-01-27,2024,1,Tamil Nadu,Chennai,Holi,Female,18-25,Silver,Coin,50,18K,UPI,Mall Store,3,70216,0,210648.0
857,2024-07-24,2024,7,Delhi,New Delhi,Holi,Male,26-35,Gold,Jewelry,10,18K,Credit Card,Jewelry Shop,1,56487,0,56487.0
858,2024-06-25,2024,6,Maharashtra,Mumbai,Diwali,Female,36-45,Silver,Jewelry,20,24K,Credit Card,Jewelry Shop,3,85398,2,251070.12
859,2025-12-06,2025,12,Gujarat,Ahmedabad,Akshaya Tritiya,Male,46-60,Silver,Coin,20,22K,Debit Card,Mall Store,1,70652,3,68532.44
860,2023-05-13,2023,5,Uttar Pradesh,Lucknow,None,Female,36-45,Gold,Bar,20,24K,Credit Card,Mall Store,2,75582,2,148140.72
861,2026-03-31,2026,3,Tamil Nadu,Coimbatore,Akshaya Tritiya,Male,18-25,Gold,Bar,10,22K,Cash,Jewelry Shop,1,70605,3,68486.85
862,2024-08-13,2024,8,Tamil Nadu,Coimbatore,None,Male,36-45,Silver,Jewelry,10,22K,Debit Card,Jewelry Shop,2,80750,7,150195.0
863,2026-03-28,2026,3,Karnataka,Mangalore,Holi,Male,18-25,Gold,Coin,50,18K,Debit Card,Mall Store,2,59464,3,115360.16
864,2024-10-15,2024,10,Delhi,New Delhi,Wedding Season,Female,36-45,Gold,Jewelry,10,18K,UPI,Jewelry Shop,3,65198,3,189726.18
865,2022-11-13,2022,11,Delhi,New Delhi,Akshaya Tritiya,Male,60+,Silver,Jewelry,10,18K,Credit Card,Online,1,85628,2,83915.44
866,2026-03-02,2026,3,Maharashtra,Nagpur,Diwali,Male,26-35,Gold,Jewelry,20,22K,UPI,Online,2,64695,5,122920.5
867,2025-03-13,2025,3,Gujarat,Ahmedabad,Diwali,Female,26-35,Silver,Coin,5,22K,Debit Card,Mall Store,3,66216,2,194675.04
868,2025-05-07,2025,5,Gujarat,Surat,Dhanteras,Female,26-35,Silver,Coin,20,22K,Debit Card,Mall Store,3,77971,2,229234.74
869,2023-06-28,2023,6,Delhi,New Delhi,Holi,Male,26-35,Silver,Coin,20,22K,UPI,Mall Store,3,78220,7,218233.8
870,2021-07-01,2021,7,Tamil Nadu,Coimbatore,Dhanteras,Female,46-60,Gold,Jewelry,20,22K,Cash,Jewelry Shop,1,61078,5,58024.1
871,2023-12-06,2023,12,Gujarat,Surat,Wedding Season,Male,26-35,Silver,Coin,5,22K,UPI,Jewelry Shop,3,74960,5,213636.0
872,2022-06-12,2022,6,Uttar Pradesh,Agra,Holi,Female,46-60,Gold,Jewelry,50,18K,Debit Card,Jewelry Shop,1,67866,2,66508.68
873,2026-01-19,2026,1,Rajasthan,Jaipur,Holi,Female,46-60,Silver,Bar,20,18K,Credit Card,Online,2,80869,0,161738.0
874,2021-01-29,2021,1,Rajasthan,Jaipur,Akshaya Tritiya,Female,26-35,Silver,Bar,50,22K,UPI,Jewelry Shop,2,80654,0,161308.0
875,2025-02-21,2025,2,Karnataka,Bangalore,Akshaya Tritiya,Female,36-45,Gold,Bar,20,24K,Credit Card,Online,2,68453,3,132798.82
876,2021-05-26,2021,5,Karnataka,Mysore,Holi,Male,36-45,Silver,Bar,5,18K,Debit Card,Online,2,65012,3,126123.28
877,2026-07-15,2026,7,Gujarat,Ahmedabad,Wedding Season,Female,36-45,Gold,Coin,10,18K,Debit Card,Online,3,61314,2,180263.16
878,2022-02-19,2022,2,Maharashtra,Nagpur,Wedding Season,Male,36-45,Silver,Bar,20,22K,Debit Card,Online,1,69183,7,64340.19
879,2022-04-22,2022,4,Gujarat,Vadodara,Dhanteras,Female,36-45,Silver,Bar,10,18K,UPI,Jewelry Shop,3,89195,0,267585.0
880,2026-08-17,2026,8,Tamil Nadu,Coimbatore,None,Male,60+,Gold,Coin,10,18K,Credit Card,Jewelry Shop,2,68584,2,134424.64
881,2023-12-30,2023,12,Maharashtra,Nashik,Wedding Season,Female,18-25,Gold,Jewelry,10,24K,Credit Card,Online,2,54863,2,107531.48
882,2025-05-13,2025,5,Maharashtra,Nagpur,Wedding Season,Male,36-45,Silver,Coin,20,22K,Debit Card,Online,2,83957,7,156160.02
883,2025-05-17,2025,5,Delhi,New Delhi,Akshaya Tritiya,Female,18-25,Gold,Bar,5,18K,Debit Card,Mall Store,3,74953,2,220361.82
884,2024-07-15,2024,7,Karnataka,Bangalore,Wedding Season,Female,18-25,Gold,Jewelry,10,18K,Credit Card,Mall Store,2,71743,3,139181.42
885,2025-03-18,2025,3,Delhi,New Delhi,Holi,Male,46-60,Gold,Bar,5,24K,Debit Card,Online,3,63224,5,180188.4
886,2025-08-01,2025,8,Gujarat,Ahmedabad,Akshaya Tritiya,Male,46-60,Silver,Bar,20,22K,Credit Card,Mall Store,1,72359,5,68741.05
887,2024-03-18,2024,3,Maharashtra,Nagpur,Wedding Season,Male,26-35,Silver,Coin,20,24K,Credit Card,Jewelry Shop,2,73176,5,139034.4
888,2025-08-08,2025,8,Uttar Pradesh,Lucknow,Dhanteras,Male,60+,Gold,Jewelry,10,18K,UPI,Mall Store,3,67987,5,193762.95
889,2026-04-17,2026,4,Tamil Nadu,Coimbatore,None,Male,36-45,Gold,Jewelry,50,18K,Cash,Online,3,64013,2,188198.22
890,2022-06-28,2022,6,Delhi,New Delhi,Akshaya Tritiya,Male,18-25,Gold,Jewelry,50,22K,Cash,Mall Store,2,60384,2,118352.64
891,2022-04-01,2022,4,Tamil Nadu,Coimbatore,Holi,Female,26-35,Gold,Jewelry,50,18K,UPI,Online,2,63049,7,117271.14
892,2025-09-05,2025,9,Uttar Pradesh,Lucknow,Akshaya Tritiya,Male,60+,Silver,Bar,5,22K,Debit Card,Mall Store,2,79607,5,151253.3
893,2026-09-27,2026,9,Maharashtra,Nagpur,None,Female,46-60,Silver,Jewelry,5,24K,Credit Card,Mall Store,1,89033,3,86362.01
894,2023-09-23,2023,9,Rajasthan,Jaipur,Wedding Season,Male,36-45,Gold,Jewelry,20,18K,UPI,Jewelry Shop,2,65170,3,126429.8
895,2025-12-27,2025,12,Uttar Pradesh,Kanpur,Akshaya Tritiya,Female,36-45,Gold,Bar,20,18K,UPI,Online,2,66164,3,128358.16
896,2025-01-25,2025,1,Gujarat,Vadodara,None,Female,36-45,Silver,Bar,10,18K,Credit Card,Jewelry Shop,1,67466,3,65442.02
897,2024-04-12,2024,4,Uttar Pradesh,Kanpur,Wedding Season,Female,26-35,Silver,Jewelry,10,18K,Credit Card,Online,3,68260,2,200684.4
898,2025-07-21,2025,7,Tamil Nadu,Chennai,Wedding Season,Male,36-45,Silver,Bar,10,18K,Credit Card,Mall Store,3,78165,7,218080.35
899,2022-12-20,2022,12,Karnataka,Mysore,Wedding Season,Female,18-25,Silver,Bar,5,22K,Cash,Jewelry Shop,1,87194,7,81090.42
900,2023-03-18,2023,3,Gujarat,Ahmedabad,Akshaya Tritiya,Female,46-60,Gold,Bar,5,18K,Cash,Mall Store,3,66443,0,199329.0
901,2026-09-10,2026,9,Gujarat,Surat,Diwali,Female,60+,Gold,Bar,5,24K,Debit Card,Mall Store,3,67756,0,203268.0
902,2023-10-01,2023,10,Tamil Nadu,Chennai,Dhanteras,Female,26-35,Gold,Jewelry,20,18K,Credit Card,Online,3,66040,2,194157.6
903,2023-05-01,2023,5,Uttar Pradesh,Lucknow,Dhanteras,Male,60+,Gold,Bar,50,22K,UPI,Mall Store,3,56841,3,165407.31
904,2022-04-22,2022,4,Rajasthan,Jaipur,Wedding Season,Male,46-60,Silver,Jewelry,5,18K,Cash,Mall Store,1,86689,2,84955.22
905,2025-12-19,2025,12,Delhi,New Delhi,None,Male,60+,Gold,Bar,50,24K,Credit Card,Jewelry Shop,2,76959,0,153918.0
906,2026-06-03,2026,6,Tamil Nadu,Coimbatore,Holi,Female,36-45,Silver,Coin,10,22K,Credit Card,Mall Store,1,86835,3,84229.95
907,2024-07-31,2024,7,Tamil Nadu,Coimbatore,Holi,Female,46-60,Silver,Jewelry,10,24K,Debit Card,Mall Store,1,65705,5,62419.75
908,2023-03-04,2023,3,Karnataka,Bangalore,Diwali,Male,26-35,Silver,Coin,20,22K,Debit Card,Online,3,74716,7,208457.64
909,2022-10-03,2022,10,Uttar Pradesh,Kanpur,Dhanteras,Female,26-35,Gold,Jewelry,10,22K,Debit Card,Mall Store,3,73362,2,215684.28
910,2025-02-27,2025,2,Tamil Nadu,Coimbatore,Dhanteras,Female,36-45,Silver,Bar,20,18K,Credit Card,Jewelry Shop,2,71981,5,136763.9
911,2021-08-15,2021,8,Karnataka,Mysore,Wedding Season,Female,26-35,Silver,Coin,20,24K,Cash,Online,2,90301,0,180602.0
912,2025-10-18,2025,10,Uttar Pradesh,Agra,Wedding Season,Female,60+,Silver,Bar,10,24K,Debit Card,Jewelry Shop,2,74295,0,148590.0
913,2026-04-09,2026,4,Maharashtra,Pune,Diwali,Female,46-60,Gold,Jewelry,20,18K,Debit Card,Online,2,63164,5,120011.6
914,2024-03-10,2024,3,Maharashtra,Pune,Diwali,Female,26-35,Silver,Bar,5,22K,Debit Card,Online,3,74634,3,217184.94
915,2025-12-01,2025,12,Rajasthan,Jaipur,Dhanteras,Female,60+,Silver,Bar,20,18K,Credit Card,Mall Store,1,81531,7,75823.83
916,2023-01-25,2023,1,Maharashtra,Mumbai,Akshaya Tritiya,Female,26-35,Gold,Coin,20,22K,Cash,Mall Store,2,64046,5,121687.4
917,2022-05-04,2022,5,Uttar Pradesh,Kanpur,None,Female,46-60,Silver,Coin,50,24K,UPI,Mall Store,3,82928,0,248784.0
918,2026-07-09,2026,7,Karnataka,Bangalore,Akshaya Tritiya,Female,18-25,Silver,Bar,5,18K,UPI,Mall Store,3,67464,3,196320.24
919,2023-02-21,2023,2,Rajasthan,Jaipur,Diwali,Female,36-45,Gold,Coin,50,18K,Cash,Mall Store,1,72663,7,67576.59
920,2025-11-07,2025,11,Karnataka,Bangalore,Diwali,Female,60+,Gold,Coin,5,18K,Debit Card,Online,2,75171,5,142824.9
921,2024-08-30,2024,8,Maharashtra,Mumbai,Holi,Female,26-35,Silver,Bar,20,18K,Cash,Online,1,77821,3,75486.37
922,2026-12-25,2026,12,Rajasthan,Jaipur,Holi,Male,26-35,Gold,Bar,20,24K,Credit Card,Jewelry Shop,1,62322,0,62322.0
923,2024-01-16,2024,1,Gujarat,Vadodara,Dhanteras,Male,36-45,Gold,Jewelry,10,22K,UPI,Jewelry Shop,2,62084,2,121684.64
924,2025-06-24,2025,6,Maharashtra,Nashik,Dhanteras,Male,46-60,Gold,Bar,5,24K,Cash,Mall Store,1,68057,5,64654.15
925,2025-01-07,2025,1,Tamil Nadu,Chennai,None,Female,46-60,Gold,Jewelry,10,24K,Credit Card,Jewelry Shop,1,63823,5,60631.85
926,2025-09-17,2025,9,Karnataka,Mangalore,Wedding Season,Male,36-45,Gold,Coin,20,24K,Debit Card,Mall Store,1,70086,0,70086.0
927,2024-08-17,2024,8,Karnataka,Bangalore,Diwali,Male,26-35,Gold,Jewelry,5,24K,Cash,Online,2,67019,0,134038.0
928,2024-04-15,2024,4,Uttar Pradesh,Kanpur,Akshaya Tritiya,Female,26-35,Gold,Coin,10,24K,Cash,Mall Store,3,59418,2,174688.92
929,2023-04-16,2023,4,Rajasthan,Jaipur,Akshaya Tritiya,Female,36-45,Silver,Coin,20,24K,UPI,Jewelry Shop,1,69659,0,69659.0
930,2025-03-25,2025,3,Maharashtra,Nashik,Holi,Male,26-35,Gold,Jewelry,5,22K,Cash,Online,2,61148,0,122296.0
931,2025-12-09,2025,12,Delhi,New Delhi,Dhanteras,Male,36-45,Gold,Coin,50,22K,Cash,Jewelry Shop,2,71983,5,136767.7
932,2026-07-12,2026,7,Uttar Pradesh,Agra,None,Male,26-35,Silver,Jewelry,10,24K,Cash,Mall Store,3,86020,0,258060.0
933,2023-07-16,2023,7,Maharashtra,Pune,Akshaya Tritiya,Male,36-45,Silver,Coin,50,18K,Credit Card,Online,3,73296,0,219888.0
934,2025-04-27,2025,4,Karnataka,Mysore,None,Male,26-35,Silver,Jewelry,5,24K,UPI,Online,1,83946,7,78069.78
935,2024-11-09,2024,11,Gujarat,Surat,Dhanteras,Female,46-60,Silver,Jewelry,50,18K,Credit Card,Mall Store,3,66346,5,189086.1
936,2023-02-03,2023,2,Delhi,New Delhi,Akshaya Tritiya,Female,46-60,Silver,Bar,50,18K,UPI,Mall Store,3,86240,3,250958.4
937,2021-04-15,2021,4,Rajasthan,Udaipur,Holi,Male,18-25,Silver,Jewelry,50,24K,UPI,Mall Store,2,69329,5,131725.1
938,2021-12-06,2021,12,Uttar Pradesh,Kanpur,Holi,Male,46-60,Gold,Bar,10,24K,Cash,Online,2,66963,5,127229.7
939,2026-12-14,2026,12,Gujarat,Vadodara,Holi,Male,60+,Silver,Coin,10,18K,Cash,Jewelry Shop,3,83833,2,246469.02
940,2025-10-03,2025,10,Gujarat,Ahmedabad,Dhanteras,Female,18-25,Gold,Coin,20,22K,Debit Card,Jewelry Shop,3,63844,2,187701.36
941,2024-06-30,2024,6,Delhi,New Delhi,Dhanteras,Male,18-25,Gold,Coin,10,24K,Debit Card,Online,1,63888,0,63888.0
942,2023-03-04,2023,3,Rajasthan,Jaipur,Dhanteras,Female,18-25,Silver,Jewelry,20,24K,Debit Card,Online,3,70427,5,200716.95
943,2024-02-03,2024,2,Uttar Pradesh,Agra,Akshaya Tritiya,Male,18-25,Gold,Bar,20,18K,UPI,Mall Store,2,64250,2,125930.0
944,2026-02-05,2026,2,Tamil Nadu,Coimbatore,Dhanteras,Male,36-45,Gold,Coin,5,22K,Credit Card,Online,2,70794,0,141588.0
945,2023-07-10,2023,7,Uttar Pradesh,Kanpur,Holi,Male,18-25,Silver,Bar,20,24K,Debit Card,Mall Store,1,83552,5,79374.4
946,2026-09-12,2026,9,Delhi,New Delhi,Akshaya Tritiya,Female,36-45,Gold,Coin,5,24K,UPI,Mall Store,2,57507,3,111563.58
947,2025-11-12,2025,11,Rajasthan,Udaipur,None,Female,18-25,Gold,Bar,50,18K,Debit Card,Mall Store,2,76036,2,149030.56
948,2022-02-08,2022,2,Tamil Nadu,Coimbatore,Holi,Male,18-25,Gold,Jewelry,20,18K,Debit Card,Jewelry Shop,1,76979,7,71590.47
949,2026-11-12,2026,11,Uttar Pradesh,Agra,Diwali,Female,46-60,Gold,Bar,5,24K,Cash,Online,3,67154,5,191388.9
950,2026-02-14,2026,2,Uttar Pradesh,Kanpur,Akshaya Tritiya,Female,36-45,Gold,Coin,10,22K,Debit Card,Online,2,67549,0,135098.0
951,2024-08-11,2024,8,Karnataka,Mysore,None,Female,36-45,Silver,Jewelry,50,24K,Credit Card,Jewelry Shop,1,71745,7,66722.85
952,2025-07-22,2025,7,Tamil Nadu,Chennai,Akshaya Tritiya,Female,26-35,Silver,Coin,10,22K,Debit Card,Jewelry Shop,1,77259,0,77259.0
953,2021-03-07,2021,3,Karnataka,Mysore,Diwali,Male,60+,Silver,Coin,20,18K,Cash,Jewelry Shop,1,89376,2,87588.48
954,2025-07-16,2025,7,Tamil Nadu,Chennai,Akshaya Tritiya,Male,36-45,Gold,Bar,20,22K,Cash,Jewelry Shop,1,60491,7,56256.63
955,2023-10-05,2023,10,Maharashtra,Nagpur,Holi,Male,36-45,Gold,Jewelry,50,24K,Cash,Online,1,62945,5,59797.75
956,2021-03-27,2021,3,Gujarat,Surat,Holi,Female,46-60,Gold,Coin,10,22K,Cash,Mall Store,1,58759,3,56996.23
957,2025-11-02,2025,11,Tamil Nadu,Coimbatore,Akshaya Tritiya,Female,26-35,Silver,Coin,20,24K,Cash,Jewelry Shop,2,88629,3,171940.26
958,2024-07-08,2024,7,Rajasthan,Jaipur,Diwali,Male,36-45,Gold,Bar,10,22K,Credit Card,Mall Store,3,59551,5,169720.35
959,2025-11-22,2025,11,Rajasthan,Jaipur,Diwali,Male,18-25,Silver,Bar,50,18K,UPI,Jewelry Shop,2,87118,5,165524.2
960,2023-10-30,2023,10,Delhi,New Delhi,None,Male,60+,Gold,Coin,50,18K,Cash,Jewelry Shop,1,68280,3,66231.6
961,2023-08-11,2023,8,Gujarat,Vadodara,Holi,Female,26-35,Silver,Bar,20,24K,UPI,Mall Store,3,74859,3,217839.69
962,2025-08-22,2025,8,Rajasthan,Udaipur,None,Male,26-35,Gold,Jewelry,10,24K,UPI,Mall Store,3,58665,0,175995.0
963,2025-05-06,2025,5,Delhi,New Delhi,Wedding Season,Female,46-60,Silver,Jewelry,20,24K,UPI,Jewelry Shop,1,69621,5,66139.95
964,2023-12-04,2023,12,Karnataka,Bangalore,Wedding Season,Male,26-35,Silver,Coin,5,22K,Debit Card,Online,2,71768,0,143536.0
965,2025-03-09,2025,3,Tamil Nadu,Coimbatore,Diwali,Male,18-25,Gold,Bar,5,24K,Credit Card,Jewelry Shop,1,72346,7,67281.78
966,2026-08-03,2026,8,Karnataka,Bangalore,Dhanteras,Male,36-45,Silver,Jewelry,10,18K,Credit Card,Mall Store,1,69487,2,68097.26
967,2021-06-08,2021,6,Gujarat,Surat,Holi,Male,36-45,Gold,Coin,5,22K,Cash,Mall Store,1,68872,5,65428.4
968,2024-10-13,2024,10,Tamil Nadu,Chennai,Wedding Season,Female,46-60,Gold,Jewelry,5,22K,Cash,Jewelry Shop,1,69578,7,64707.54
969,2021-08-29,2021,8,Gujarat,Ahmedabad,Wedding Season,Male,60+,Silver,Jewelry,20,18K,Debit Card,Mall Store,2,71106,0,142212.0
970,2024-04-14,2024,4,Uttar Pradesh,Lucknow,None,Female,46-60,Silver,Coin,50,24K,Debit Card,Online,1,74118,5,70412.1
971,2024-06-06,2024,6,Delhi,New Delhi,Wedding Season,Female,18-25,Silver,Bar,5,24K,UPI,Jewelry Shop,2,83576,7,155451.36
972,2021-07-13,2021,7,Tamil Nadu,Chennai,Akshaya Tritiya,Female,26-35,Silver,Coin,5,18K,Debit Card,Mall Store,1,86452,7,80400.36
973,2022-02-09,2022,2,Tamil Nadu,Chennai,Wedding Season,Male,26-35,Silver,Bar,20,24K,Cash,Jewelry Shop,3,86076,0,258228.0
974,2022-04-22,2022,4,Gujarat,Vadodara,Akshaya Tritiya,Male,26-35,Gold,Bar,20,24K,Debit Card,Online,2,59129,2,115892.84
975,2023-11-24,2023,11,Karnataka,Mysore,Wedding Season,Female,26-35,Gold,Bar,20,22K,UPI,Jewelry Shop,1,59125,7,54986.25
976,2021-02-12,2021,2,Rajasthan,Udaipur,None,Female,18-25,Silver,Bar,50,24K,Cash,Online,1,73188,5,69528.6
977,2024-09-02,2024,9,Uttar Pradesh,Lucknow,Dhanteras,Female,46-60,Gold,Coin,20,22K,Credit Card,Online,2,58709,0,117418.0
978,2023-04-03,2023,4,Rajasthan,Jaipur,Dhanteras,Male,46-60,Silver,Coin,5,24K,Cash,Online,1,72702,7,67612.86
979,2025-11-21,2025,11,Rajasthan,Udaipur,Holi,Female,46-60,Gold,Bar,10,22K,UPI,Mall Store,3,56719,0,170157.0
980,2022-09-18,2022,9,Tamil Nadu,Chennai,Akshaya Tritiya,Female,26-35,Gold,Coin,50,24K,UPI,Jewelry Shop,1,62533,7,58155.69
981,2023-03-08,2023,3,Delhi,New Delhi,Akshaya Tritiya,Female,18-25,Silver,Coin,5,24K,Credit Card,Mall Store,1,80074,2,78472.52
982,2026-10-23,2026,10,Gujarat,Ahmedabad,Holi,Male,60+,Silver,Bar,10,18K,Credit Card,Jewelry Shop,1,67216,0,67216.0
983,2021-08-28,2021,8,Maharashtra,Mumbai,Wedding Season,Male,26-35,Gold,Bar,5,18K,UPI,Online,1,59684,5,56699.8
984,2026-01-16,2026,1,Uttar Pradesh,Kanpur,None,Male,46-60,Silver,Bar,20,22K,Debit Card,Jewelry Shop,3,74423,7,207640.17
985,2022-12-16,2022,12,Gujarat,Surat,Wedding Season,Female,26-35,Silver,Coin,5,22K,Credit Card,Online,1,74553,3,72316.41
986,2022-05-28,2022,5,Maharashtra,Nashik,None,Female,26-35,Silver,Coin,50,22K,Debit Card,Mall Store,3,88582,2,260431.08
987,2025-06-22,2025,6,Delhi,New Delhi,Dhanteras,Male,26-35,Silver,Jewelry,10,18K,Cash,Mall Store,2,79858,3,154924.52
988,2024-06-11,2024,6,Uttar Pradesh,Agra,Dhanteras,Female,26-35,Silver,Coin,5,18K,Debit Card,Jewelry Shop,3,80253,5,228721.05
989,2022-10-04,2022,10,Rajasthan,Udaipur,None,Female,60+,Gold,Coin,10,22K,UPI,Mall Store,1,63053,3,61161.41
990,2025-07-05,2025,7,Gujarat,Surat,Holi,Male,26-35,Gold,Coin,20,22K,Cash,Mall Store,3,62232,7,173627.28
991,2021-05-25,2021,5,Gujarat,Surat,None,Male,18-25,Silver,Jewelry,5,24K,UPI,Jewelry Shop,3,87145,7,243134.55
992,2024-06-13,2024,6,Rajasthan,Jaipur,Diwali,Female,60+,Silver,Coin,50,22K,Credit Card,Mall Store,1,75432,2,73923.36
993,2022-10-31,2022,10,Gujarat,Surat,Wedding Season,Male,60+,Silver,Bar,50,24K,Debit Card,Mall Store,3,66570,2,195715.8
994,2022-02-02,2022,2,Karnataka,Mangalore,Diwali,Male,46-60,Gold,Coin,50,22K,Cash,Online,3,59358,2,174512.52
995,2021-03-23,2021,3,Tamil Nadu,Coimbatore,Wedding Season,Female,36-45,Silver,Jewelry,20,24K,Cash,Online,3,84829,2,249397.26
996,2024-08-06,2024,8,Tamil Nadu,Coimbatore,Akshaya Tritiya,Male,36-45,Silver,Bar,50,24K,Debit Card,Online,1,72093,2,70651.14
997,2026-06-29,2026,6,Karnataka,Mysore,Akshaya Tritiya,Male,18-25,Gold,Bar,10,18K,Credit Card,Jewelry Shop,2,69015,7,128367.9
998,2021-11-25,2021,11,Delhi,New Delhi,Akshaya Tritiya,Male,26-35,Silver,Bar,5,18K,UPI,Jewelry Shop,2,68726,5,130579.4
999,2024-01-13,2024,1,Delhi,New Delhi,None,Female,36-45,Silver,Coin,50,22K,Credit Card,Online,2,80147,0,160294.0
1000,2023-12-29,2023,12,Karnataka,Mangalore,Diwali,Female,18-25,Silver,Bar,20,18K,UPI,Online,1,82407,5,78286.65
